created_at,entry_id,field1
2019-03-23 13:00:14 UTC,1,134
2019-03-23 14:00:09 UTC,2,89
2019-03-23 15:00:14 UTC,3,89
2019-03-23 16:00:09 UTC,4,93
2019-03-23 17:00:10 UTC,5,108
2019-03-23 18:00:22 UTC,6,108
2019-03-23 19:00:14 UTC,7,103
2019-03-23 20:00:09 UTC,8,88
2019-03-23 21:00:09 UTC,9,84
2019-03-23 22:00:14 UTC,10,84
2019-03-23 23:00:14 UTC,11,84
2019-03-24 00:00:10 UTC,12,84
2019-03-24 01:00:11 UTC,13,84
2019-03-24 02:00:09 UTC,14,88
2019-03-24 03:00:14 UTC,15,95
2019-03-24 04:00:14 UTC,16,84
2019-03-24 05:00:10 UTC,17,83
2019-03-24 06:00:14 UTC,18,88
2019-03-24 07:00:14 UTC,19,87
2019-03-24 08:00:14 UTC,20,84
2019-03-24 09:00:12 UTC,21,84
2019-03-24 10:00:09 UTC,22,108
2019-03-24 11:00:14 UTC,23,107
2019-03-24 12:00:14 UTC,24,85
2019-03-24 13:00:14 UTC,25,89
2019-03-24 14:00:09 UTC,26,108
2019-03-24 15:00:15 UTC,27,108
2019-03-24 16:00:15 UTC,28,108
2019-03-24 17:00:14 UTC,29,108
2019-03-24 18:00:14 UTC,30,108
2019-03-24 19:00:14 UTC,31,103
2019-03-24 20:00:14 UTC,32,106
2019-03-24 21:00:14 UTC,33,91
2019-03-24 22:00:09 UTC,34,108
2019-03-24 23:00:14 UTC,35,97
2019-03-25 00:00:14 UTC,36,89
2019-03-25 01:00:14 UTC,37,90
2019-03-25 02:00:09 UTC,38,84
2019-03-25 03:00:10 UTC,39,84
2019-03-25 04:00:14 UTC,40,85
2019-03-25 05:00:14 UTC,41,80
2019-03-25 06:00:13 UTC,42,84
2019-03-25 07:00:09 UTC,43,91
2019-03-25 08:00:09 UTC,44,84
2019-03-25 09:00:10 UTC,45,85
2019-03-25 10:00:14 UTC,46,108
2019-03-25 11:00:14 UTC,47,108
2019-03-25 12:00:14 UTC,48,108
2019-03-25 13:00:09 UTC,49,108
2019-03-25 14:00:10 UTC,50,108
2019-03-25 15:00:14 UTC,51,108
2019-03-25 16:00:09 UTC,52,107
2019-03-25 17:00:14 UTC,53,101
2019-03-25 18:00:09 UTC,54,99
2019-03-25 19:00:14 UTC,55,106
2019-03-25 19:46:36 UTC,56,108
2019-03-25 20:01:05 UTC,57,108
2019-03-25 21:01:07 UTC,58,107
2019-03-25 22:01:04 UTC,59,107
2019-03-25 23:01:05 UTC,60,107
2019-03-25 23:19:33 UTC,61,107
2019-03-26 00:01:05 UTC,62,107
2019-03-26 01:01:05 UTC,63,107
2019-03-26 02:01:04 UTC,64,107
2019-03-26 03:01:05 UTC,65,106
2019-03-26 04:01:05 UTC,66,105
2019-03-26 05:01:09 UTC,67,107
2019-03-26 06:01:04 UTC,68,106
2019-03-26 07:01:05 UTC,69,107
2019-03-26 08:01:05 UTC,70,108
2019-03-26 09:01:05 UTC,71,108
2019-03-26 10:01:06 UTC,72,108
2019-03-26 11:01:05 UTC,73,108
2019-03-26 12:01:05 UTC,74,109
2019-03-26 13:01:05 UTC,75,81
2019-03-26 14:01:04 UTC,76,107
2019-03-26 15:01:06 UTC,77,109
2019-03-26 16:01:05 UTC,78,109
2019-03-26 17:01:06 UTC,79,109
2019-03-26 18:01:06 UTC,80,109
2019-03-26 19:01:06 UTC,81,109
2019-03-26 20:01:05 UTC,82,109
2019-03-26 21:01:06 UTC,83,108
2019-03-26 22:01:04 UTC,84,109
2019-03-26 23:01:06 UTC,85,108
2019-03-27 00:01:06 UTC,86,109
2019-03-27 01:01:05 UTC,87,109
2019-03-27 02:01:06 UTC,88,109
2019-03-27 03:01:06 UTC,89,109
2019-03-27 04:01:06 UTC,90,109
2019-03-27 05:01:06 UTC,91,108
2019-03-27 06:01:06 UTC,92,106
2019-03-27 07:01:06 UTC,93,107
2019-03-27 08:01:06 UTC,94,106
2019-03-27 09:01:06 UTC,95,109
2019-03-27 10:01:06 UTC,96,108
2019-03-27 11:01:06 UTC,97,78
2019-03-27 12:01:09 UTC,98,108
2019-03-27 13:01:07 UTC,99,107
2019-03-27 14:01:06 UTC,100,107
2019-03-27 15:01:04 UTC,101,109
2019-03-27 16:01:09 UTC,102,109
2019-03-27 17:01:07 UTC,103,109
2019-03-27 18:01:05 UTC,104,109
2019-03-27 19:01:04 UTC,105,109
2019-03-27 20:01:09 UTC,106,109
2019-03-27 21:01:07 UTC,107,109
2019-03-27 22:01:05 UTC,108,109
2019-03-27 23:01:07 UTC,109,109
2019-03-28 00:01:05 UTC,110,109
2019-03-28 01:01:09 UTC,111,108
2019-03-28 02:01:07 UTC,112,109
2019-03-28 03:01:07 UTC,113,108
2019-03-28 04:01:09 UTC,114,108
2019-03-28 05:01:09 UTC,115,108
2019-03-28 06:01:05 UTC,116,108
2019-03-28 07:01:10 UTC,117,107
2019-03-28 08:01:09 UTC,118,108
2019-03-28 09:01:06 UTC,119,109
2019-03-28 10:01:04 UTC,120,109
2019-03-28 11:01:09 UTC,121,77
2019-03-28 12:01:06 UTC,122,77
2019-03-28 13:01:10 UTC,123,77
2019-03-28 14:01:09 UTC,124,77
2019-03-28 15:01:09 UTC,125,77
2019-03-28 16:01:04 UTC,126,108
2019-03-28 17:01:07 UTC,127,108
2019-03-28 18:01:09 UTC,128,109
2019-03-28 19:01:04 UTC,129,109
2019-03-28 20:01:04 UTC,130,109
2019-03-28 21:01:04 UTC,131,109
2019-03-28 22:01:06 UTC,132,109
2019-03-28 23:01:05 UTC,133,109
2019-03-29 00:01:42 UTC,134,109
2019-03-29 01:01:09 UTC,135,109
2019-03-29 02:01:09 UTC,136,109
2019-03-29 03:01:09 UTC,137,109
2019-03-29 04:01:04 UTC,138,109
2019-03-29 05:01:09 UTC,139,108
2019-03-29 06:01:04 UTC,140,108
2019-03-29 07:01:09 UTC,141,108
2019-03-29 08:01:09 UTC,142,108
2019-03-29 09:01:05 UTC,143,109
2019-03-29 10:01:09 UTC,144,76
2019-03-29 11:01:09 UTC,145,77
2019-03-29 12:01:09 UTC,146,125
2019-03-29 13:01:10 UTC,147,125
2019-03-29 14:01:10 UTC,148,123
2019-03-29 15:01:09 UTC,149,76
2019-03-29 16:01:09 UTC,150,77
2019-03-29 17:01:09 UTC,151,108
2019-03-29 18:01:10 UTC,152,108
2019-03-29 19:01:09 UTC,153,109
2019-03-29 20:01:09 UTC,154,109
2019-03-29 21:01:04 UTC,155,109
2019-03-29 22:01:10 UTC,156,109
2019-03-29 23:01:05 UTC,157,109
2019-03-30 00:01:10 UTC,158,109
2019-03-30 01:01:11 UTC,159,109
2019-03-30 02:01:09 UTC,160,109
2019-03-30 03:01:04 UTC,161,109
2019-03-30 04:01:09 UTC,162,109
2019-03-30 05:01:04 UTC,163,109
2019-03-30 06:01:05 UTC,164,109
2019-03-30 07:01:05 UTC,165,109
2019-03-30 08:01:09 UTC,166,109
2019-03-30 09:01:04 UTC,167,109
2019-03-30 10:01:04 UTC,168,108
2019-03-30 11:01:10 UTC,169,76
2019-03-30 12:01:09 UTC,170,124
2019-03-30 13:01:09 UTC,171,125
2019-03-30 14:01:09 UTC,172,124
2019-03-30 15:01:06 UTC,173,77
2019-03-30 16:01:10 UTC,174,77
2019-03-30 17:01:06 UTC,175,77
2019-03-30 18:01:11 UTC,176,77
2019-03-30 19:01:05 UTC,177,108
2019-03-30 20:01:05 UTC,178,109
2019-03-30 21:01:10 UTC,179,109
2019-03-30 22:01:05 UTC,180,109
2019-03-30 23:01:09 UTC,181,109
2019-03-31 00:01:04 UTC,182,109
2019-03-31 01:01:09 UTC,183,109
2019-03-31 02:01:04 UTC,184,109
2019-03-31 03:01:09 UTC,185,110
2019-03-31 04:01:05 UTC,186,109
2019-03-31 05:01:05 UTC,187,109
2019-03-31 06:01:10 UTC,188,109
2019-03-31 07:01:05 UTC,189,109
2019-03-31 08:01:05 UTC,190,109
2019-03-31 09:01:09 UTC,191,108
2019-03-31 10:01:05 UTC,192,74
2019-03-31 11:01:05 UTC,193,75
2019-03-31 12:01:10 UTC,194,124
2019-03-31 13:01:04 UTC,195,125
2019-03-31 14:01:09 UTC,196,122
2019-03-31 15:01:04 UTC,197,73
2019-03-31 16:01:05 UTC,198,72
2019-03-31 17:01:10 UTC,199,72
2019-03-31 18:01:09 UTC,200,73
2019-03-31 19:01:09 UTC,201,108
2019-03-31 20:01:10 UTC,202,109
2019-03-31 21:01:10 UTC,203,109
2019-03-31 22:01:10 UTC,204,109
2019-03-31 23:01:05 UTC,205,109
2019-04-01 00:01:06 UTC,206,110
2019-04-01 01:01:10 UTC,207,109
2019-04-01 02:01:05 UTC,208,110
2019-04-01 03:01:09 UTC,209,110
2019-04-01 04:01:09 UTC,210,110
2019-04-01 05:01:09 UTC,211,110
2019-04-01 06:01:09 UTC,212,110
2019-04-01 07:01:10 UTC,213,109
2019-04-01 08:01:09 UTC,214,109
2019-04-01 09:01:04 UTC,215,109
2019-04-01 10:01:05 UTC,216,72
2019-04-01 11:01:09 UTC,217,123
2019-04-01 12:01:09 UTC,218,125
2019-04-01 13:01:10 UTC,219,126
2019-04-01 14:01:09 UTC,220,124
2019-04-01 15:01:06 UTC,221,72
2019-04-01 16:01:09 UTC,222,72
2019-04-01 17:01:04 UTC,223,70
2019-04-01 18:01:09 UTC,224,70
2019-04-01 19:01:09 UTC,225,108
2019-04-01 20:01:10 UTC,226,108
2019-04-01 21:01:09 UTC,227,109
2019-04-01 22:01:04 UTC,228,109
2019-04-01 23:01:09 UTC,229,109
2019-04-02 00:01:10 UTC,230,109
2019-04-02 01:01:09 UTC,231,109
2019-04-02 02:01:09 UTC,232,109
2019-04-02 03:01:10 UTC,233,108
2019-04-02 04:01:09 UTC,234,108
2019-04-02 05:01:10 UTC,235,108
2019-04-02 06:01:09 UTC,236,108
2019-04-02 07:01:09 UTC,237,108
2019-04-02 08:01:04 UTC,238,108
2019-04-02 09:01:09 UTC,239,108
2019-04-02 10:01:10 UTC,240,107
2019-04-02 11:01:09 UTC,241,69
2019-04-02 12:01:10 UTC,242,69
2019-04-02 13:01:10 UTC,243,107
2019-04-02 14:01:09 UTC,244,69
2019-04-02 15:01:04 UTC,245,69
2019-04-02 16:01:09 UTC,246,69
2019-04-02 17:01:10 UTC,247,68
2019-04-02 18:01:10 UTC,248,69
2019-04-02 19:01:09 UTC,249,108
2019-04-02 20:01:09 UTC,250,107
2019-04-02 21:01:09 UTC,251,108
2019-04-02 22:01:09 UTC,252,108
2019-04-02 23:01:04 UTC,253,108
2019-04-03 00:01:04 UTC,254,106
2019-04-03 01:01:09 UTC,255,105
2019-04-03 02:01:04 UTC,256,104
2019-04-03 03:01:09 UTC,257,103
2019-04-03 04:01:09 UTC,258,106
2019-04-03 05:01:09 UTC,259,108
2019-04-03 06:01:04 UTC,260,107
2019-04-03 07:01:09 UTC,261,104
2019-04-03 08:01:09 UTC,262,76
2019-04-03 09:01:09 UTC,263,107
2019-04-03 10:01:05 UTC,264,107
2019-04-03 11:01:09 UTC,265,108
2019-04-03 12:01:04 UTC,266,108
2019-04-03 13:01:04 UTC,267,108
2019-04-03 14:01:04 UTC,268,108
2019-04-03 15:01:10 UTC,269,108
2019-04-03 16:01:09 UTC,270,107
2019-04-03 17:01:09 UTC,271,107
2019-04-03 18:01:09 UTC,272,106
2019-04-03 19:01:09 UTC,273,106
2019-04-03 20:01:05 UTC,274,106
2019-04-03 21:01:05 UTC,275,107
2019-04-03 22:01:05 UTC,276,106
2019-04-03 23:01:10 UTC,277,107
2019-04-04 00:01:09 UTC,278,106
2019-04-04 01:01:05 UTC,279,105
2019-04-04 02:01:04 UTC,280,105
2019-04-04 03:01:05 UTC,281,107
2019-04-04 04:01:06 UTC,282,106
2019-04-04 05:01:04 UTC,283,106
2019-04-04 06:01:04 UTC,284,106
2019-04-04 07:01:10 UTC,285,106
2019-04-04 08:01:09 UTC,286,105
2019-04-04 09:01:09 UTC,287,105
2019-04-04 10:01:05 UTC,288,104
2019-04-04 11:01:10 UTC,289,106
2019-04-04 12:01:05 UTC,290,106
2019-04-04 13:01:05 UTC,291,107
2019-04-04 14:01:09 UTC,292,106
2019-04-04 15:01:09 UTC,293,105
2019-04-04 16:01:09 UTC,294,106
2019-04-04 17:01:09 UTC,295,106
2019-04-04 18:01:09 UTC,296,105
2019-04-04 19:01:09 UTC,297,105
2019-04-04 20:01:09 UTC,298,106
2019-04-04 21:01:09 UTC,299,107
2019-04-04 22:01:09 UTC,300,106
2019-04-04 23:01:09 UTC,301,106
2019-04-05 00:01:09 UTC,302,106
2019-04-05 01:01:09 UTC,303,106
2019-04-05 02:01:04 UTC,304,107
2019-04-05 03:01:09 UTC,305,105
2019-04-05 04:01:04 UTC,306,104
2019-04-05 05:01:10 UTC,307,105
2019-04-05 06:01:04 UTC,308,106
2019-04-05 07:01:09 UTC,309,104
2019-04-05 08:01:04 UTC,310,104
2019-04-05 09:01:09 UTC,311,104
2019-04-05 10:01:09 UTC,312,66
2019-04-05 11:01:09 UTC,313,66
2019-04-05 12:01:09 UTC,314,67
2019-04-05 13:01:09 UTC,315,66
2019-04-05 14:01:10 UTC,316,66
2019-04-05 15:01:07 UTC,317,66
2019-04-05 16:01:09 UTC,318,66
2019-04-05 17:01:10 UTC,319,66
2019-04-05 18:01:09 UTC,320,106
2019-04-05 19:01:09 UTC,321,104
2019-04-05 20:01:09 UTC,322,104
2019-04-05 21:01:09 UTC,323,105
2019-04-05 22:01:04 UTC,324,105
2019-04-05 23:01:04 UTC,325,105
2019-04-06 00:01:09 UTC,326,105
2019-04-06 01:01:09 UTC,327,105
2019-04-06 02:01:10 UTC,328,105
2019-04-06 03:01:04 UTC,329,105
2019-04-06 04:01:05 UTC,330,105
2019-04-06 05:01:09 UTC,331,105
2019-04-06 06:01:09 UTC,332,105
2019-04-06 07:01:05 UTC,333,106
2019-04-06 08:01:09 UTC,334,106
2019-04-06 09:01:09 UTC,335,65
2019-04-06 10:01:10 UTC,336,65
2019-04-06 11:01:09 UTC,337,65
2019-04-06 12:01:04 UTC,338,123
2019-04-06 13:01:04 UTC,339,124
2019-04-06 14:01:04 UTC,340,124
2019-04-06 15:01:09 UTC,341,123
2019-04-06 16:01:09 UTC,342,127
2019-04-06 17:01:04 UTC,343,64
2019-04-06 18:01:09 UTC,344,64
2019-04-06 19:01:09 UTC,345,64
2019-04-06 20:01:09 UTC,346,108
2019-04-06 21:01:10 UTC,347,107
2019-04-06 22:01:07 UTC,348,107
2019-04-06 23:01:09 UTC,349,63
2019-04-07 00:01:09 UTC,350,63
2019-04-07 01:01:10 UTC,351,74
2019-04-07 02:01:09 UTC,352,103
2019-04-07 03:01:09 UTC,353,63
2019-04-07 04:01:09 UTC,354,63
2019-04-07 05:01:04 UTC,355,102
2019-04-07 06:01:09 UTC,356,76
2019-04-07 07:01:04 UTC,357,63
2019-04-07 08:01:09 UTC,358,103
2019-04-07 09:01:09 UTC,359,69
2019-04-07 10:01:04 UTC,360,63
2019-04-07 11:01:09 UTC,361,63
2019-04-07 12:01:09 UTC,362,63
2019-04-07 13:01:10 UTC,363,124
2019-04-07 14:01:10 UTC,364,124
2019-04-07 15:01:09 UTC,365,63
2019-04-07 16:01:04 UTC,366,62
2019-04-07 17:01:09 UTC,367,62
2019-04-07 18:01:05 UTC,368,62
2019-04-07 19:01:07 UTC,369,62
2019-04-07 20:01:10 UTC,370,106
2019-04-07 21:01:05 UTC,371,107
2019-04-07 22:01:05 UTC,372,106
2019-04-07 23:01:09 UTC,373,105
2019-04-08 00:01:04 UTC,374,76
2019-04-08 01:01:09 UTC,375,62
2019-04-08 02:01:04 UTC,376,102
2019-04-08 03:01:09 UTC,377,62
2019-04-08 04:01:09 UTC,378,61
2019-04-08 05:01:09 UTC,379,62
2019-04-08 06:01:04 UTC,380,61
2019-04-08 07:01:09 UTC,381,70
2019-04-08 08:01:10 UTC,382,62
2019-04-08 09:01:05 UTC,383,61
2019-04-08 10:01:09 UTC,384,61
2019-04-08 11:01:09 UTC,385,61
2019-04-08 12:01:05 UTC,386,61
2019-04-08 13:01:10 UTC,387,61
2019-04-08 14:01:04 UTC,388,62
2019-04-08 15:01:09 UTC,389,61
2019-04-08 16:01:09 UTC,390,61
2019-04-08 17:01:10 UTC,391,61
2019-04-08 18:01:05 UTC,392,61
2019-04-08 19:01:09 UTC,393,61
2019-04-08 20:01:09 UTC,394,61
2019-04-08 21:01:05 UTC,395,61
2019-04-08 22:01:07 UTC,396,61
2019-04-08 23:01:10 UTC,397,61
2019-04-09 00:01:09 UTC,398,61
2019-04-09 01:01:04 UTC,399,61
2019-04-09 02:01:09 UTC,400,61
2019-04-09 03:01:05 UTC,401,61
2019-04-09 04:01:10 UTC,402,61
2019-04-09 05:01:06 UTC,403,104
2019-04-09 06:01:05 UTC,404,60
2019-04-09 07:01:09 UTC,405,60
2019-04-09 08:01:10 UTC,406,61
2019-04-09 09:01:05 UTC,407,61
2019-04-09 10:01:05 UTC,408,61
2019-04-09 11:01:10 UTC,409,60
2019-04-09 12:01:09 UTC,410,60
2019-04-09 13:01:09 UTC,411,60
2019-04-09 14:01:04 UTC,412,60
2019-04-09 15:01:09 UTC,413,60
2019-04-09 16:01:09 UTC,414,60
2019-04-09 17:01:09 UTC,415,60
2019-04-09 18:01:09 UTC,416,60
2019-04-09 19:01:10 UTC,417,60
2019-04-09 20:01:05 UTC,418,60
2019-04-09 21:01:04 UTC,419,60
2019-04-09 22:01:09 UTC,420,60
2019-04-09 23:01:06 UTC,421,60
2019-04-10 00:01:09 UTC,422,60
2019-04-10 01:01:09 UTC,423,60
2019-04-10 02:01:09 UTC,424,59
2019-04-10 03:01:09 UTC,425,59
2019-04-10 04:01:10 UTC,426,59
2019-04-10 05:01:09 UTC,427,59
2019-04-10 06:01:04 UTC,428,60
2019-04-10 07:01:09 UTC,429,60
2019-04-10 08:01:10 UTC,430,60
2019-04-10 09:01:06 UTC,431,59
2019-04-10 10:01:04 UTC,432,59
2019-04-10 11:01:04 UTC,433,59
2019-04-10 12:01:04 UTC,434,59
2019-04-10 13:01:09 UTC,435,59
2019-04-10 14:01:04 UTC,436,59
2019-04-10 15:01:09 UTC,437,59
2019-04-10 16:01:05 UTC,438,59
2019-04-10 17:01:06 UTC,439,67
2019-04-10 18:01:04 UTC,440,59
2019-04-10 19:01:05 UTC,441,59
2019-04-10 20:01:09 UTC,442,59
2019-04-10 21:01:05 UTC,443,58
2019-04-10 22:01:09 UTC,444,58
2019-04-10 23:01:07 UTC,445,58
2019-04-11 00:01:10 UTC,446,102
2019-04-11 01:01:05 UTC,447,58
2019-04-11 02:01:09 UTC,448,58
2019-04-11 03:01:09 UTC,449,58
2019-04-11 04:01:09 UTC,450,58
2019-04-11 05:01:09 UTC,451,58
2019-04-11 06:01:09 UTC,452,58
2019-04-11 07:01:05 UTC,453,58
2019-04-11 08:01:07 UTC,454,58
2019-04-11 09:01:05 UTC,455,58
2019-04-11 10:01:09 UTC,456,58
2019-04-11 11:01:04 UTC,457,58
2019-04-11 12:01:09 UTC,458,77
2019-04-11 13:01:05 UTC,459,141
2019-04-11 14:01:04 UTC,460,99
2019-04-11 15:01:05 UTC,461,77
2019-04-11 16:01:09 UTC,462,59
2019-04-11 17:01:05 UTC,463,57
2019-04-11 18:01:09 UTC,464,57
2019-04-11 19:01:09 UTC,465,57
2019-04-11 20:01:04 UTC,466,57
2019-04-11 21:01:09 UTC,467,57
2019-04-11 21:23:25 UTC,468,57
2019-04-11 22:01:07 UTC,469,77
2019-04-11 23:01:12 UTC,470,64
2019-04-12 00:01:09 UTC,471,57
2019-04-12 01:01:04 UTC,472,57
2019-04-12 02:01:09 UTC,473,57
2019-04-12 03:01:09 UTC,474,56
2019-04-12 04:01:04 UTC,475,56
2019-04-12 05:01:04 UTC,476,56
2019-04-12 06:01:09 UTC,477,56
2019-04-12 07:01:05 UTC,478,56
2019-04-12 08:01:09 UTC,479,56
2019-04-12 09:01:09 UTC,480,56
2019-04-12 10:01:05 UTC,481,57
2019-04-12 11:01:04 UTC,482,58
2019-04-12 12:01:09 UTC,483,56
2019-04-12 13:01:09 UTC,484,56
2019-04-12 14:01:05 UTC,485,56
2019-04-12 15:01:05 UTC,486,58
2019-04-12 16:01:10 UTC,487,105
2019-04-12 17:01:09 UTC,488,56
2019-04-12 18:01:04 UTC,489,56
2019-04-12 19:01:07 UTC,490,56
2019-04-12 20:01:04 UTC,491,56
2019-04-12 21:01:04 UTC,492,55
2019-04-12 22:01:04 UTC,493,55
2019-04-12 23:01:04 UTC,494,55
2019-04-13 00:01:04 UTC,495,55
2019-04-13 01:01:09 UTC,496,55
2019-04-13 02:01:04 UTC,497,55
2019-04-13 03:01:09 UTC,498,55
2019-04-13 04:01:10 UTC,499,55
2019-04-13 05:01:04 UTC,500,55
2019-04-13 06:01:09 UTC,501,55
2019-04-13 07:01:04 UTC,502,72
2019-04-13 08:01:05 UTC,503,55
2019-04-13 09:01:06 UTC,504,54
2019-04-13 10:01:09 UTC,505,55
2019-04-13 11:01:04 UTC,506,55
2019-04-13 12:01:04 UTC,507,105
2019-04-13 13:01:09 UTC,508,107
2019-04-13 14:01:05 UTC,509,107
2019-04-13 15:01:05 UTC,510,54
2019-04-13 16:01:05 UTC,511,61
2019-04-13 17:01:09 UTC,512,54
2019-04-13 18:01:04 UTC,513,101
2019-04-13 19:01:09 UTC,514,100
2019-04-13 20:01:05 UTC,515,56
2019-04-13 21:01:09 UTC,516,53
2019-04-13 22:01:05 UTC,517,53
2019-04-13 23:01:06 UTC,518,59
2019-04-14 00:01:04 UTC,519,94
2019-04-14 01:01:04 UTC,520,55
2019-04-14 02:01:09 UTC,521,53
2019-04-14 03:01:10 UTC,522,53
2019-04-14 04:01:05 UTC,523,53
2019-04-14 05:01:05 UTC,524,86
2019-04-14 06:01:09 UTC,525,81
2019-04-14 07:01:10 UTC,526,80
2019-04-14 08:01:09 UTC,527,61
2019-04-14 09:01:04 UTC,528,53
2019-04-14 10:01:04 UTC,529,53
2019-04-14 11:01:04 UTC,530,53
2019-04-14 12:01:09 UTC,531,53
2019-04-14 13:01:10 UTC,532,55
2019-04-14 14:01:05 UTC,533,55
2019-04-14 15:01:05 UTC,534,54
2019-04-14 16:01:05 UTC,535,53
2019-04-14 17:01:05 UTC,536,52
2019-04-14 18:01:05 UTC,537,52
2019-04-14 19:01:09 UTC,538,52
2019-04-14 20:01:09 UTC,539,52
2019-04-14 21:01:04 UTC,540,52
2019-04-14 22:01:06 UTC,541,52
2019-04-14 23:01:10 UTC,542,62
2019-04-15 00:01:09 UTC,543,65
2019-04-15 01:01:04 UTC,544,52
2019-04-15 02:01:04 UTC,545,100
2019-04-15 03:01:09 UTC,546,101
2019-04-15 04:01:09 UTC,547,99
2019-04-15 05:01:05 UTC,548,101
2019-04-15 06:01:05 UTC,549,99
2019-04-15 07:01:04 UTC,550,100
2019-04-15 08:01:05 UTC,551,75
2019-04-15 09:01:09 UTC,552,139
2019-04-15 10:01:09 UTC,553,143
2019-04-15 11:01:06 UTC,554,142
2019-04-15 12:01:05 UTC,555,133
2019-04-15 13:01:09 UTC,556,126
2019-04-15 14:01:09 UTC,557,141
2019-04-15 15:01:09 UTC,558,142
2019-04-15 16:01:09 UTC,559,143
2019-04-15 17:01:09 UTC,560,143
2019-04-15 18:01:04 UTC,561,143
2019-04-15 19:01:09 UTC,562,143
2019-04-15 20:01:04 UTC,563,92
2019-04-15 21:01:09 UTC,564,98
2019-04-15 22:01:04 UTC,565,100
2019-04-15 23:01:05 UTC,566,101
2019-04-16 00:01:10 UTC,567,100
2019-04-16 01:01:09 UTC,568,101
2019-04-16 02:01:09 UTC,569,101
2019-04-16 03:01:10 UTC,570,102
2019-04-16 04:01:10 UTC,571,102
2019-04-16 05:01:04 UTC,572,102
2019-04-16 06:01:09 UTC,573,102
2019-04-16 07:01:06 UTC,574,102
2019-04-16 08:01:09 UTC,575,96
2019-04-16 09:01:05 UTC,576,143
2019-04-16 10:01:05 UTC,577,143
2019-04-16 11:01:06 UTC,578,143
2019-04-16 12:01:09 UTC,579,143
2019-04-16 13:01:04 UTC,580,143
2019-04-16 14:01:09 UTC,581,144
2019-04-16 15:01:05 UTC,582,144
2019-04-16 16:01:09 UTC,583,144
2019-04-16 17:01:04 UTC,584,143
2019-04-16 18:01:04 UTC,585,143
2019-04-16 19:01:09 UTC,586,143
2019-04-16 20:01:10 UTC,587,143
2019-04-16 21:01:05 UTC,588,143
2019-04-16 22:01:10 UTC,589,143
2019-04-16 23:01:05 UTC,590,143
2019-04-17 00:01:04 UTC,591,143
2019-04-17 01:01:09 UTC,592,143
2019-04-17 02:01:10 UTC,593,143
2019-04-17 03:01:09 UTC,594,143
2019-04-17 04:01:06 UTC,595,143
2019-04-17 05:01:05 UTC,596,143
2019-04-17 06:01:09 UTC,597,143
2019-04-17 07:01:09 UTC,598,144
2019-04-17 08:01:09 UTC,599,143
2019-04-17 09:01:09 UTC,600,143
2019-04-17 10:01:04 UTC,601,143
2019-04-17 11:01:04 UTC,602,142
2019-04-17 12:01:09 UTC,603,142
2019-04-17 13:01:09 UTC,604,140
2019-04-17 14:01:04 UTC,605,141
2019-04-17 15:01:04 UTC,606,142
2019-04-17 16:01:09 UTC,607,143
2019-04-17 17:01:04 UTC,608,143
2019-04-17 18:01:09 UTC,609,143
2019-04-17 19:01:06 UTC,610,144
2019-04-17 20:01:09 UTC,611,144
2019-04-17 21:01:05 UTC,612,144
2019-04-17 22:01:09 UTC,613,144
2019-04-17 23:01:09 UTC,614,144
2019-04-18 00:01:09 UTC,615,143
2019-04-18 01:01:05 UTC,616,143
2019-04-18 02:01:09 UTC,617,143
2019-04-18 03:01:05 UTC,618,142
2019-04-18 04:01:09 UTC,619,142
2019-04-18 05:01:10 UTC,620,49
2019-04-18 06:01:04 UTC,621,49
2019-04-18 07:01:09 UTC,622,49
2019-04-18 08:01:04 UTC,623,143
2019-04-18 09:01:09 UTC,624,143
2019-04-18 10:01:09 UTC,625,141
2019-04-18 11:01:05 UTC,626,84
2019-04-18 12:01:09 UTC,627,84
2019-04-18 13:01:04 UTC,628,80
2019-04-18 14:01:09 UTC,629,85
2019-04-18 15:01:05 UTC,630,141
2019-04-18 16:01:09 UTC,631,142
2019-04-18 17:01:09 UTC,632,143
2019-04-18 18:01:10 UTC,633,143
2019-04-18 19:01:05 UTC,634,143
2019-04-18 20:01:05 UTC,635,143
2019-04-18 21:01:04 UTC,636,143
2019-04-18 22:01:09 UTC,637,142
2019-04-18 23:01:05 UTC,638,142
2019-04-19 00:01:09 UTC,639,142
2019-04-19 01:01:09 UTC,640,142
2019-04-19 02:01:09 UTC,641,52
2019-04-19 03:01:10 UTC,642,49
2019-04-19 04:01:05 UTC,643,48
2019-04-19 05:01:09 UTC,644,47
2019-04-19 06:01:09 UTC,645,47
2019-04-19 07:01:10 UTC,646,76
2019-04-19 08:01:05 UTC,647,142
2019-04-19 09:01:09 UTC,648,142
2019-04-19 10:01:10 UTC,649,140
2019-04-19 11:01:06 UTC,650,85
2019-04-19 12:01:10 UTC,651,83
2019-04-19 13:01:09 UTC,652,81
2019-04-19 14:01:09 UTC,653,83
2019-04-19 15:01:09 UTC,654,139
2019-04-19 16:01:09 UTC,655,67
2019-04-19 17:01:05 UTC,656,140
2019-04-19 18:01:09 UTC,657,140
2019-04-19 19:01:04 UTC,658,138
2019-04-19 20:01:09 UTC,659,114
2019-04-19 21:01:04 UTC,660,113
2019-04-19 22:01:04 UTC,661,45
2019-04-19 23:01:04 UTC,662,49
2019-04-20 00:01:04 UTC,663,55
2019-04-20 01:01:05 UTC,664,56
2019-04-20 02:01:10 UTC,665,67
2019-04-20 03:01:09 UTC,666,77
2019-04-20 04:01:09 UTC,667,77
2019-04-20 05:01:10 UTC,668,77
2019-04-20 06:01:09 UTC,669,78
2019-04-20 07:01:09 UTC,670,77
2019-04-20 08:01:10 UTC,671,45
2019-04-20 09:01:10 UTC,672,115
2019-04-20 10:01:09 UTC,673,100
2019-04-20 11:01:06 UTC,674,84
2019-04-20 12:01:04 UTC,675,84
2019-04-20 13:01:09 UTC,676,82
2019-04-20 14:01:09 UTC,677,84
2019-04-20 15:01:09 UTC,678,40
2019-04-20 16:01:05 UTC,679,100
2019-04-20 17:01:05 UTC,680,138
2019-04-20 18:01:08 UTC,681,115
2019-04-20 19:01:07 UTC,682,113
2019-04-20 20:01:05 UTC,683,111
2019-04-20 21:01:09 UTC,684,91
2019-04-20 22:01:04 UTC,685,89
2019-04-20 23:01:06 UTC,686,91
2019-04-21 00:01:04 UTC,687,92
2019-04-21 01:01:09 UTC,688,91
2019-04-21 02:01:09 UTC,689,92
2019-04-21 03:01:05 UTC,690,90
2019-04-21 04:01:09 UTC,691,91
2019-04-21 05:01:10 UTC,692,92
2019-04-21 06:01:09 UTC,693,91
2019-04-21 07:01:09 UTC,694,92
2019-04-21 08:01:09 UTC,695,38
2019-04-21 09:01:09 UTC,696,113
2019-04-21 10:01:10 UTC,697,38
2019-04-21 11:01:05 UTC,698,83
2019-04-21 12:01:05 UTC,699,82
2019-04-21 13:01:09 UTC,700,81
2019-04-21 14:01:04 UTC,701,80
2019-04-21 15:01:04 UTC,702,44
2019-04-21 16:01:06 UTC,703,37
2019-04-21 17:01:04 UTC,704,99
2019-04-21 18:01:04 UTC,705,99
2019-04-21 19:01:04 UTC,706,104
2019-04-21 20:01:05 UTC,707,94
2019-04-21 21:01:09 UTC,708,93
2019-04-21 22:01:09 UTC,709,93
2019-04-21 23:01:09 UTC,710,92
2019-04-22 00:01:10 UTC,711,93
2019-04-22 01:01:09 UTC,712,92
2019-04-22 02:01:06 UTC,713,92
2019-04-22 03:01:09 UTC,714,92
2019-04-22 04:01:04 UTC,715,92
2019-04-22 05:01:09 UTC,716,93
2019-04-22 06:01:09 UTC,717,91
2019-04-22 07:01:09 UTC,718,92
2019-04-22 08:01:04 UTC,719,91
2019-04-22 09:01:09 UTC,720,99
2019-04-22 10:01:04 UTC,721,98
2019-04-22 11:01:09 UTC,722,35
2019-04-22 12:01:09 UTC,723,77
2019-04-22 13:01:04 UTC,724,78
2019-04-22 14:01:04 UTC,725,72
2019-04-22 15:01:04 UTC,726,35
2019-04-22 16:01:09 UTC,727,35
2019-04-22 17:01:09 UTC,728,95
2019-04-22 18:01:05 UTC,729,99
2019-04-22 19:01:07 UTC,730,99
2019-04-22 20:01:05 UTC,731,96
2019-04-22 20:24:47 UTC,732,96
2019-04-22 20:28:17 UTC,733,95
2019-04-22 21:01:10 UTC,734,97
2019-04-22 22:01:10 UTC,735,92
2019-04-22 23:01:09 UTC,736,95
2019-04-23 00:01:09 UTC,737,91
2019-04-23 01:01:09 UTC,738,93
2019-04-23 02:01:05 UTC,739,89
2019-04-23 03:01:05 UTC,740,89
2019-04-23 04:01:09 UTC,741,85
2019-04-23 05:01:07 UTC,742,92
2019-04-23 06:01:10 UTC,743,84
2019-04-23 07:01:05 UTC,744,85
2019-04-23 08:01:05 UTC,745,94
2019-04-23 09:01:04 UTC,746,98
2019-04-23 10:01:04 UTC,747,98
2019-04-23 11:01:09 UTC,748,98
2019-04-23 12:01:09 UTC,749,34
2019-04-23 13:01:09 UTC,750,34
2019-04-23 14:01:10 UTC,751,34
2019-04-23 15:01:05 UTC,752,98
2019-04-23 16:01:09 UTC,753,98
2019-04-23 17:01:09 UTC,754,98
2019-04-23 18:01:04 UTC,755,98
2019-04-23 19:01:04 UTC,756,99
2019-04-23 20:01:06 UTC,757,98
2019-04-23 21:01:09 UTC,758,94
2019-04-23 22:01:05 UTC,759,80
2019-04-23 23:01:09 UTC,760,85
2019-04-24 00:01:04 UTC,761,85
2019-04-24 01:01:16 UTC,762,86
2019-04-24 02:01:06 UTC,763,90
2019-04-24 03:01:10 UTC,764,91
2019-04-24 04:01:06 UTC,765,90
2019-04-24 05:01:04 UTC,766,89
2019-04-24 06:01:09 UTC,767,88
2019-04-24 07:01:05 UTC,768,84
2019-04-24 08:01:05 UTC,769,33
2019-04-24 09:01:09 UTC,770,98
2019-04-24 10:01:04 UTC,771,51
2019-04-24 11:01:04 UTC,772,33
2019-04-24 12:01:05 UTC,773,73
2019-04-24 13:01:05 UTC,774,71
2019-04-24 14:01:05 UTC,775,32
2019-04-24 15:01:09 UTC,776,99
2019-04-24 16:01:09 UTC,777,97
2019-04-24 17:01:04 UTC,778,98
2019-04-24 18:01:04 UTC,779,48
2019-04-24 19:01:09 UTC,780,33
2019-04-24 20:01:05 UTC,781,88
2019-04-24 21:01:05 UTC,782,32
2019-04-24 22:01:09 UTC,783,85
2019-04-24 23:01:09 UTC,784,86
2019-04-25 00:01:05 UTC,785,89
2019-04-25 01:01:10 UTC,786,91
2019-04-25 02:01:06 UTC,787,90
2019-04-25 03:01:09 UTC,788,91
2019-04-25 04:01:04 UTC,789,90
2019-04-25 05:01:09 UTC,790,90
2019-04-25 06:01:10 UTC,791,90
2019-04-25 07:01:05 UTC,792,91
2019-04-25 08:01:05 UTC,793,91
2019-04-25 09:01:05 UTC,794,32
2019-04-25 10:01:05 UTC,795,32
2019-04-25 11:01:05 UTC,796,96
2019-04-25 12:01:10 UTC,797,96
2019-04-25 13:01:04 UTC,798,97
2019-04-25 14:01:09 UTC,799,98
2019-04-25 15:01:04 UTC,800,98
2019-04-25 16:01:09 UTC,801,95
2019-04-25 17:01:10 UTC,802,31
2019-04-25 18:01:10 UTC,803,31
2019-04-25 19:01:08 UTC,804,31
2019-04-25 20:01:09 UTC,805,31
2019-04-25 21:01:09 UTC,806,31
2019-04-25 22:01:10 UTC,807,81
2019-04-25 23:01:13 UTC,808,81
2019-04-26 00:01:10 UTC,809,84
2019-04-26 01:01:09 UTC,810,86
2019-04-26 02:01:09 UTC,811,87
2019-04-26 03:01:09 UTC,812,88
2019-04-26 04:01:05 UTC,813,90
2019-04-26 05:01:04 UTC,814,90
2019-04-26 06:01:09 UTC,815,90
2019-04-26 07:01:09 UTC,816,89
2019-04-26 08:01:10 UTC,817,91
2019-04-26 09:01:04 UTC,818,90
2019-04-26 10:01:09 UTC,819,34
2019-04-26 11:01:09 UTC,820,31
2019-04-26 12:01:09 UTC,821,76
2019-04-26 13:01:09 UTC,822,97
2019-04-26 14:01:10 UTC,823,98
2019-04-26 15:01:09 UTC,824,95
2019-04-26 16:01:04 UTC,825,88
2019-04-26 17:01:09 UTC,826,86
2019-04-26 18:01:05 UTC,827,82
2019-04-26 19:01:10 UTC,828,84
2019-04-26 20:01:10 UTC,829,81
2019-04-26 21:01:09 UTC,830,90
2019-04-26 22:01:04 UTC,831,90
2019-04-26 23:01:09 UTC,832,88
2019-04-27 00:01:09 UTC,833,91
2019-04-27 01:01:10 UTC,834,91
2019-04-27 02:01:06 UTC,835,91
2019-04-27 03:01:05 UTC,836,92
2019-04-27 04:01:05 UTC,837,92
2019-04-27 05:01:05 UTC,838,92
2019-04-27 06:01:09 UTC,839,92
2019-04-27 07:01:09 UTC,840,91
2019-04-27 08:01:04 UTC,841,92
2019-04-27 09:01:09 UTC,842,91
2019-04-27 10:01:09 UTC,843,91
2019-04-27 11:01:11 UTC,844,91
2019-04-27 12:01:09 UTC,845,88
2019-04-27 13:01:04 UTC,846,79
2019-04-27 14:01:10 UTC,847,81
2019-04-27 15:01:05 UTC,848,76
2019-04-27 16:01:10 UTC,849,87
2019-04-27 17:01:10 UTC,850,90
2019-04-27 18:01:09 UTC,851,89
2019-04-27 19:01:04 UTC,852,91
2019-04-27 20:01:04 UTC,853,91
2019-04-27 21:01:05 UTC,854,90
2019-04-27 22:01:04 UTC,855,91
2019-04-27 23:01:05 UTC,856,91
2019-04-28 00:01:05 UTC,857,92
2019-04-28 01:01:05 UTC,858,91
2019-04-28 02:01:12 UTC,859,91
2019-04-28 03:01:05 UTC,860,90
2019-04-28 04:01:09 UTC,861,91
2019-04-28 05:01:05 UTC,862,91
2019-04-28 06:01:07 UTC,863,91
2019-04-28 07:01:04 UTC,864,91
2019-04-28 08:01:04 UTC,865,91
2019-04-28 09:01:05 UTC,866,91
2019-04-28 10:01:09 UTC,867,90
2019-04-28 11:01:05 UTC,868,89
2019-04-28 12:01:09 UTC,869,86
2019-04-28 13:01:09 UTC,870,80
2019-04-28 14:01:09 UTC,871,91
2019-04-28 15:01:09 UTC,872,86
2019-04-28 16:01:09 UTC,873,90
2019-04-28 17:01:09 UTC,874,90
2019-04-28 18:01:10 UTC,875,91
2019-04-28 19:01:05 UTC,876,91
2019-04-28 20:01:09 UTC,877,90
2019-04-28 21:01:04 UTC,878,90
2019-04-28 22:01:04 UTC,879,91
2019-04-28 23:01:09 UTC,880,90
2019-04-29 00:01:04 UTC,881,90
2019-04-29 01:01:09 UTC,882,90
2019-04-29 02:01:09 UTC,883,90
2019-04-29 03:01:09 UTC,884,90
2019-04-29 04:01:09 UTC,885,90
2019-04-29 05:01:09 UTC,886,90
2019-04-29 06:01:09 UTC,887,90
2019-04-29 07:01:10 UTC,888,90
2019-04-29 08:01:09 UTC,889,90
2019-04-29 09:01:04 UTC,890,90
2019-04-29 10:01:05 UTC,891,84
2019-04-29 11:01:10 UTC,892,99
2019-04-29 12:01:09 UTC,893,97
2019-04-29 13:01:06 UTC,894,98
2019-04-29 14:01:05 UTC,895,98
2019-04-29 15:01:10 UTC,896,98
2019-04-29 16:01:05 UTC,897,98
2019-04-29 17:01:09 UTC,898,96
2019-04-29 18:01:09 UTC,899,95
2019-04-29 19:01:09 UTC,900,89
2019-04-29 20:01:09 UTC,901,87
2019-04-29 21:01:09 UTC,902,80
2019-04-29 22:01:09 UTC,903,84
2019-04-29 23:01:05 UTC,904,74
2019-04-30 00:01:10 UTC,905,77
2019-04-30 01:01:09 UTC,906,82
2019-04-30 02:01:04 UTC,907,80
2019-04-30 03:01:09 UTC,908,79
2019-04-30 04:01:05 UTC,909,80
2019-04-30 05:01:05 UTC,910,79
2019-04-30 06:01:09 UTC,911,79
2019-04-30 07:01:10 UTC,912,78
2019-04-30 08:01:10 UTC,913,87
2019-04-30 09:01:09 UTC,914,87
2019-04-30 10:01:06 UTC,915,98
2019-04-30 11:01:04 UTC,916,98
2019-04-30 12:01:04 UTC,917,28
2019-04-30 13:01:05 UTC,918,83
2019-04-30 14:01:04 UTC,919,27
2019-04-30 15:01:09 UTC,920,27
2019-04-30 16:01:09 UTC,921,98
2019-04-30 17:01:10 UTC,922,95
2019-04-30 18:01:06 UTC,923,96
2019-04-30 19:01:07 UTC,924,27
2019-04-30 20:01:09 UTC,925,69
2019-04-30 21:01:04 UTC,926,78
2019-04-30 22:01:09 UTC,927,78
2019-04-30 23:01:09 UTC,928,79
2019-05-01 00:01:10 UTC,929,78
2019-05-01 01:01:05 UTC,930,78
2019-05-01 02:01:05 UTC,931,78
2019-05-01 03:01:09 UTC,932,78
2019-05-01 04:01:11 UTC,933,78
2019-05-01 05:01:04 UTC,934,78
2019-05-01 06:01:04 UTC,935,78
2019-05-01 07:01:09 UTC,936,78
2019-05-01 08:01:09 UTC,937,70
2019-05-01 09:01:10 UTC,938,93
2019-05-01 10:01:09 UTC,939,98
2019-05-01 11:01:09 UTC,940,25
2019-05-01 12:01:09 UTC,941,79
2019-05-01 13:01:10 UTC,942,78
2019-05-01 14:01:07 UTC,943,25
2019-05-01 15:01:05 UTC,944,26
2019-05-01 16:01:05 UTC,945,97
2019-05-01 17:01:05 UTC,946,99
2019-05-01 18:01:09 UTC,947,97
2019-05-01 19:01:05 UTC,948,25
2019-05-01 20:01:05 UTC,949,25
2019-05-01 21:01:04 UTC,950,69
2019-05-01 22:01:10 UTC,951,76
2019-05-01 23:01:04 UTC,952,78
2019-05-02 00:01:09 UTC,953,79
2019-05-02 01:01:10 UTC,954,79
2019-05-02 02:01:10 UTC,955,78
2019-05-02 03:01:10 UTC,956,78
2019-05-02 04:01:09 UTC,957,78
2019-05-02 05:01:05 UTC,958,78
2019-05-02 06:01:09 UTC,959,78
2019-05-02 07:01:09 UTC,960,78
2019-05-02 08:01:10 UTC,961,24
2019-05-02 09:01:10 UTC,962,25
2019-05-02 10:01:05 UTC,963,97
2019-05-02 11:01:09 UTC,964,24
2019-05-02 12:01:10 UTC,965,95
2019-05-02 13:01:10 UTC,966,24
2019-05-02 14:01:05 UTC,967,97
2019-05-02 15:01:09 UTC,968,97
2019-05-02 16:01:09 UTC,969,98
2019-05-02 17:01:09 UTC,970,97
2019-05-02 18:01:06 UTC,971,96
2019-05-02 19:01:08 UTC,972,24
2019-05-02 20:01:09 UTC,973,24
2019-05-02 21:01:09 UTC,974,24
2019-05-02 22:01:09 UTC,975,24
2019-05-02 22:19:43 UTC,976,24
2019-05-02 23:01:09 UTC,977,24
2019-05-03 00:01:04 UTC,978,24
2019-05-03 01:01:09 UTC,979,24
2019-05-03 02:01:09 UTC,980,73
2019-05-03 03:01:05 UTC,981,78
2019-05-03 04:01:09 UTC,982,78
2019-05-03 05:01:05 UTC,983,78
2019-05-03 06:01:10 UTC,984,78
2019-05-03 07:01:05 UTC,985,78
2019-05-03 08:01:04 UTC,986,23
2019-05-03 09:01:04 UTC,987,24
2019-05-03 10:01:09 UTC,988,29
2019-05-03 11:01:04 UTC,989,98
2019-05-03 12:01:09 UTC,990,24
2019-05-03 13:01:09 UTC,991,96
2019-05-03 14:01:09 UTC,992,40
2019-05-03 15:01:14 UTC,993,97
2019-05-03 16:01:10 UTC,994,97
2019-05-03 17:01:09 UTC,995,23
2019-05-03 18:01:05 UTC,996,23
2019-05-03 19:01:05 UTC,997,23
2019-05-03 20:01:10 UTC,998,23
2019-05-03 21:01:10 UTC,999,22
2019-05-03 21:28:13 UTC,1000,22.94
2019-05-03 22:01:05 UTC,1001,22.92
2019-05-03 23:01:10 UTC,1002,22.93
2019-05-04 00:01:05 UTC,1003,77.31
2019-05-04 01:01:09 UTC,1004,78.39
2019-05-04 02:01:10 UTC,1005,77.59
2019-05-04 03:01:05 UTC,1006,78.31
2019-05-04 04:01:06 UTC,1007,77.83
2019-05-04 05:01:10 UTC,1008,78.41
2019-05-04 06:01:10 UTC,1009,77.69
2019-05-04 07:01:05 UTC,1010,77.98
2019-05-04 08:01:06 UTC,1011,77.02
2019-05-04 09:01:05 UTC,1012,77.55
2019-05-04 10:01:05 UTC,1013,77.78
2019-05-04 11:01:10 UTC,1014,76.67
2019-05-04 12:01:10 UTC,1015,68.64
2019-05-04 13:01:05 UTC,1016,22.26
2019-05-04 14:01:10 UTC,1017,22.59
2019-05-04 15:01:05 UTC,1018,43.4
2019-05-04 16:01:09 UTC,1019,68.94
2019-05-04 17:01:05 UTC,1020,75.9
2019-05-04 18:01:10 UTC,1021,78.83
2019-05-04 19:01:09 UTC,1022,78.02
2019-05-04 20:01:09 UTC,1023,78.12
2019-05-04 21:01:09 UTC,1024,77.32
2019-05-04 22:01:09 UTC,1025,77.37
2019-05-04 23:01:04 UTC,1026,77.05
2019-05-05 00:01:09 UTC,1027,89.76
2019-05-05 01:01:09 UTC,1028,78.08
2019-05-05 02:01:04 UTC,1029,93.23
2019-05-05 03:01:09 UTC,1030,91.04
2019-05-05 04:01:09 UTC,1031,88.56
2019-05-05 05:01:09 UTC,1032,88.47
2019-05-05 06:01:10 UTC,1033,89.74
2019-05-05 07:01:10 UTC,1034,91.21
2019-05-05 08:01:10 UTC,1035,77.24
2019-05-05 09:01:05 UTC,1036,76.92
2019-05-05 10:01:04 UTC,1037,69.52
2019-05-05 11:01:04 UTC,1038,69.86
2019-05-05 12:01:09 UTC,1039,72.67
2019-05-05 13:01:09 UTC,1040,70.35
2019-05-05 14:01:05 UTC,1041,69.31
2019-05-05 15:01:10 UTC,1042,71.76
2019-05-05 16:01:05 UTC,1043,74.18
2019-05-05 17:01:09 UTC,1044,78.54
2019-05-05 18:01:05 UTC,1045,78.06
2019-05-05 19:01:12 UTC,1046,78.08
2019-05-05 20:01:04 UTC,1047,76.16
2019-05-05 21:01:04 UTC,1048,77.14
2019-05-05 22:01:04 UTC,1049,76.25
2019-05-05 23:01:05 UTC,1050,76.47
2019-05-06 00:01:07 UTC,1051,75.9
2019-05-06 01:01:06 UTC,1052,75.48
2019-05-06 02:01:09 UTC,1053,75.19
2019-05-06 03:01:09 UTC,1054,75.15
2019-05-06 04:01:09 UTC,1055,74.81
2019-05-06 05:01:05 UTC,1056,73.23
2019-05-06 06:01:05 UTC,1057,74.83
2019-05-06 07:01:10 UTC,1058,73.35
2019-05-06 08:01:10 UTC,1059,77.75
2019-05-06 09:01:05 UTC,1060,22.14
2019-05-06 10:01:09 UTC,1061,92.59
2019-05-06 11:01:10 UTC,1062,22.51
2019-05-06 12:01:10 UTC,1063,96.19
2019-05-06 13:01:10 UTC,1064,95.03
2019-05-06 14:01:10 UTC,1065,49.26
2019-05-06 15:01:11 UTC,1066,89.48
2019-05-06 16:01:04 UTC,1067,71.03
2019-05-06 17:01:09 UTC,1068,70.32
2019-05-06 18:01:04 UTC,1069,69.04
2019-05-06 19:01:05 UTC,1070,68.49
2019-05-06 20:01:05 UTC,1071,68.42
2019-05-06 21:01:04 UTC,1072,67.58
2019-05-06 22:01:09 UTC,1073,67.05
2019-05-06 23:01:04 UTC,1074,66.8
2019-05-07 00:01:09 UTC,1075,66.83
2019-05-07 01:01:09 UTC,1076,66.66
2019-05-07 02:01:09 UTC,1077,66.45
2019-05-07 03:01:09 UTC,1078,65.92
2019-05-07 04:01:09 UTC,1079,65.91
2019-05-07 05:01:10 UTC,1080,66.37
2019-05-07 06:01:05 UTC,1081,65.34
2019-05-07 07:01:09 UTC,1082,65.6
2019-05-07 08:01:09 UTC,1083,68.68
2019-05-07 09:01:10 UTC,1084,71.02
2019-05-07 10:01:10 UTC,1085,96.26
2019-05-07 11:01:10 UTC,1086,90.89
2019-05-07 12:01:09 UTC,1087,88.13
2019-05-07 13:01:09 UTC,1088,98.08
2019-05-07 14:01:09 UTC,1089,98.96
2019-05-07 15:01:09 UTC,1090,95.71
2019-05-07 16:01:09 UTC,1091,93.17
2019-05-07 17:01:09 UTC,1092,90.64
2019-05-07 18:01:09 UTC,1093,84.41
2019-05-07 19:01:06 UTC,1094,69.02
2019-05-07 20:01:04 UTC,1095,68.0
2019-05-07 21:01:09 UTC,1096,67.72
2019-05-07 22:01:09 UTC,1097,67.29
2019-05-07 23:01:09 UTC,1098,66.63
2019-05-08 00:01:05 UTC,1099,66.37
2019-05-08 01:01:05 UTC,1100,66.23
2019-05-08 02:01:05 UTC,1101,66.0
2019-05-08 03:01:12 UTC,1102,65.82
2019-05-08 04:01:09 UTC,1103,65.74
2019-05-08 05:01:05 UTC,1104,65.21
2019-05-08 06:01:09 UTC,1105,65.69
2019-05-08 07:01:10 UTC,1106,65.31
2019-05-08 08:01:10 UTC,1107,65.73
2019-05-08 09:01:09 UTC,1108,66.25
2019-05-08 10:01:05 UTC,1109,67.22
2019-05-08 11:01:10 UTC,1110,67.54
2019-05-08 12:01:09 UTC,1111,68.0
2019-05-08 13:01:09 UTC,1112,68.07
2019-05-08 14:01:05 UTC,1113,67.99
2019-05-08 15:01:10 UTC,1114,68.91
2019-05-08 16:01:05 UTC,1115,68.32
2019-05-08 17:01:05 UTC,1116,67.96
2019-05-08 18:01:10 UTC,1117,67.64
2019-05-08 19:01:05 UTC,1118,67.51
2019-05-08 20:01:06 UTC,1119,67.03
2019-05-08 21:01:09 UTC,1120,66.35
2019-05-08 22:01:10 UTC,1121,66.16
2019-05-08 23:01:05 UTC,1122,65.85
2019-05-09 00:01:10 UTC,1123,65.04
2019-05-09 01:01:10 UTC,1124,65.13
2019-05-09 02:01:10 UTC,1125,66.23
2019-05-09 03:01:09 UTC,1126,65.52
2019-05-09 04:01:09 UTC,1127,65.97
2019-05-09 05:01:05 UTC,1128,65.87
2019-05-09 06:01:09 UTC,1129,66.54
2019-05-09 07:01:09 UTC,1130,65.3
2019-05-09 08:01:10 UTC,1131,66.35
2019-05-09 09:01:05 UTC,1132,65.98
2019-05-09 10:01:10 UTC,1133,66.99
2019-05-09 11:01:09 UTC,1134,68.11
2019-05-09 12:01:07 UTC,1135,69.38
2019-05-09 13:01:10 UTC,1136,70.84
2019-05-09 14:01:05 UTC,1137,70.26
2019-05-09 15:01:05 UTC,1138,70.45
2019-05-09 16:01:04 UTC,1139,70.76
2019-05-09 17:01:04 UTC,1140,69.9
2019-05-09 18:01:09 UTC,1141,69.59
2019-05-09 19:01:04 UTC,1142,69.51
2019-05-09 20:01:05 UTC,1143,68.88
2019-05-09 21:01:09 UTC,1144,68.83
2019-05-09 22:01:04 UTC,1145,69.14
2019-05-09 23:01:16 UTC,1146,68.75
2019-05-10 00:01:10 UTC,1147,68.06
2019-05-10 01:01:05 UTC,1148,67.72
2019-05-10 02:01:10 UTC,1149,66.79
2019-05-10 03:01:10 UTC,1150,66.97
2019-05-10 04:01:10 UTC,1151,66.39
2019-05-10 05:01:04 UTC,1152,66.46
2019-05-10 06:01:09 UTC,1153,66.87
2019-05-10 07:01:05 UTC,1154,66.81
2019-05-10 08:01:09 UTC,1155,69.5
2019-05-10 09:01:04 UTC,1156,94.77
2019-05-10 10:01:09 UTC,1157,52.47
2019-05-10 11:01:10 UTC,1158,70.98
2019-05-10 12:01:09 UTC,1159,74.32
2019-05-10 13:01:04 UTC,1160,77.92
2019-05-10 14:01:06 UTC,1161,39.09
2019-05-10 15:01:04 UTC,1162,20.5
2019-05-10 16:01:10 UTC,1163,98.47
2019-05-10 17:01:05 UTC,1164,98.39
2019-05-10 18:01:11 UTC,1165,108.41
2019-05-10 19:01:05 UTC,1166,95.7
2019-05-10 20:01:10 UTC,1167,72.78
2019-05-10 21:01:10 UTC,1168,71.28
2019-05-10 22:01:09 UTC,1169,71.03
2019-05-10 23:01:09 UTC,1170,69.81
2019-05-11 00:01:04 UTC,1171,68.95
2019-05-11 01:01:09 UTC,1172,69.14
2019-05-11 02:01:09 UTC,1173,68.5
2019-05-11 03:01:09 UTC,1174,68.06
2019-05-11 04:01:04 UTC,1175,68.24
2019-05-11 05:01:09 UTC,1176,67.7
2019-05-11 06:01:04 UTC,1177,67.29
2019-05-11 07:01:09 UTC,1178,21.01
2019-05-11 08:01:09 UTC,1179,67.54
2019-05-11 09:01:10 UTC,1180,67.95
2019-05-11 10:01:05 UTC,1181,68.71
2019-05-11 11:01:09 UTC,1182,67.62
2019-05-11 12:01:05 UTC,1183,67.77
2019-05-11 13:01:09 UTC,1184,21.24
2019-05-11 14:01:09 UTC,1185,40.48
2019-05-11 15:01:09 UTC,1186,70.0
2019-05-11 16:01:09 UTC,1187,69.73
2019-05-11 17:01:09 UTC,1188,68.72
2019-05-11 18:01:05 UTC,1189,21.33
2019-05-11 19:01:04 UTC,1190,21.65
2019-05-11 20:01:09 UTC,1191,21.55
2019-05-11 21:01:09 UTC,1192,21.29
2019-05-11 22:01:09 UTC,1193,21.45
2019-05-11 23:01:14 UTC,1194,21.33
2019-05-12 00:01:05 UTC,1195,21.25
2019-05-12 01:01:09 UTC,1196,21.67
2019-05-12 02:01:10 UTC,1197,21.2
2019-05-12 03:01:09 UTC,1198,21.63
2019-05-12 04:01:10 UTC,1199,21.03
2019-05-12 05:01:10 UTC,1200,21.25
2019-05-12 06:01:05 UTC,1201,21.27
2019-05-12 07:01:04 UTC,1202,21.13
2019-05-12 08:01:09 UTC,1203,21.47
2019-05-12 09:01:05 UTC,1204,71.11
2019-05-12 10:01:05 UTC,1205,96.06
2019-05-12 11:01:09 UTC,1206,22.09
2019-05-12 12:01:09 UTC,1207,71.35
2019-05-12 13:01:09 UTC,1208,73.75
2019-05-12 14:01:09 UTC,1209,97.99
2019-05-12 15:01:04 UTC,1210,96.17
2019-05-12 18:01:05 UTC,1211,71.08
2019-05-12 20:01:04 UTC,1212,22.34
2019-05-12 21:01:05 UTC,1213,22.15
2019-05-12 22:01:05 UTC,1214,22.01
2019-05-12 23:01:09 UTC,1215,22.34
2019-05-13 00:01:09 UTC,1216,22.0
2019-05-13 01:01:09 UTC,1217,22.07
2019-05-13 02:01:04 UTC,1218,22.12
2019-05-13 03:01:07 UTC,1219,22.0
2019-05-13 04:01:10 UTC,1220,21.82
2019-05-13 05:01:04 UTC,1221,21.99
2019-05-13 06:01:05 UTC,1222,21.91
2019-05-13 07:01:05 UTC,1223,22.12
2019-05-13 08:01:04 UTC,1224,68.71
2019-05-13 09:01:10 UTC,1225,73.78
2019-05-13 10:01:09 UTC,1226,94.37
2019-05-13 11:01:09 UTC,1227,98.2
2019-05-13 12:01:09 UTC,1228,72.58
2019-05-13 13:01:04 UTC,1229,75.03
2019-05-13 14:01:05 UTC,1230,22.08
2019-05-13 15:01:09 UTC,1231,95.22
2019-05-13 16:01:09 UTC,1232,73.19
2019-05-13 17:01:09 UTC,1233,71.06
2019-05-13 18:01:04 UTC,1234,69.78
2019-05-13 19:01:09 UTC,1235,67.88
2019-05-13 20:01:05 UTC,1236,66.45
2019-05-13 21:01:05 UTC,1237,66.04
2019-05-13 22:01:10 UTC,1238,65.1
2019-05-13 23:01:10 UTC,1239,64.3
2019-05-14 00:01:10 UTC,1240,63.42
2019-05-14 01:01:10 UTC,1241,64.01
2019-05-14 02:01:09 UTC,1242,63.88
2019-05-14 03:01:09 UTC,1243,64.04
2019-05-14 04:01:09 UTC,1244,63.68
2019-05-14 05:01:09 UTC,1245,63.71
2019-05-14 06:01:05 UTC,1246,22.38
2019-05-14 07:01:09 UTC,1247,63.47
2019-05-14 08:01:09 UTC,1248,69.45
2019-05-14 09:01:09 UTC,1249,78.28
2019-05-14 10:01:06 UTC,1250,94.07
2019-05-14 11:01:05 UTC,1251,21.08
2019-05-14 12:01:06 UTC,1252,72.51
2019-05-14 13:01:09 UTC,1253,75.96
2019-05-14 14:01:10 UTC,1254,22.14
2019-05-14 15:01:10 UTC,1255,90.22
2019-05-14 16:01:04 UTC,1256,81.66
2019-05-14 17:01:04 UTC,1257,70.52
2019-05-14 18:01:09 UTC,1258,69.01
2019-05-14 19:01:04 UTC,1259,68.69
2019-05-14 20:01:04 UTC,1260,67.2
2019-05-14 21:01:09 UTC,1261,65.88
2019-05-14 22:01:09 UTC,1262,64.35
2019-05-14 23:01:09 UTC,1263,64.07
2019-05-15 00:01:09 UTC,1264,64.1
2019-05-15 01:01:04 UTC,1265,64.48
2019-05-15 02:01:04 UTC,1266,63.66
2019-05-15 03:01:04 UTC,1267,63.33
2019-05-15 04:01:09 UTC,1268,63.57
2019-05-15 05:01:05 UTC,1269,64.33
2019-05-15 06:01:09 UTC,1270,64.02
2019-05-15 07:01:09 UTC,1271,40.75
2019-05-15 08:01:09 UTC,1272,67.97
2019-05-15 09:01:04 UTC,1273,73.69
2019-05-15 10:01:09 UTC,1274,96.86
2019-05-15 11:01:09 UTC,1275,22.92
2019-05-15 12:01:09 UTC,1276,72.73
2019-05-15 13:01:09 UTC,1277,74.48
2019-05-15 14:01:05 UTC,1278,22.9
2019-05-15 15:01:09 UTC,1279,96.22
2019-05-15 16:01:04 UTC,1280,72.7
2019-05-15 17:01:10 UTC,1281,70.64
2019-05-15 18:01:10 UTC,1282,66.87
2019-05-15 19:01:10 UTC,1283,65.17
2019-05-15 20:01:10 UTC,1284,64.22
2019-05-15 21:01:05 UTC,1285,23.02
2019-05-15 22:01:10 UTC,1286,64.24
2019-05-15 23:01:10 UTC,1287,23.06
2019-05-16 00:01:10 UTC,1288,22.95
2019-05-16 01:01:10 UTC,1289,23.03
2019-05-16 02:01:05 UTC,1290,23.01
2019-05-16 03:01:05 UTC,1291,23.28
2019-05-16 04:01:05 UTC,1292,63.21
2019-05-16 05:01:04 UTC,1293,22.91
2019-05-16 06:01:09 UTC,1294,37.56
2019-05-16 07:01:05 UTC,1295,22.81
2019-05-16 08:01:05 UTC,1296,68.42
2019-05-16 09:01:09 UTC,1297,74.58
2019-05-16 10:01:09 UTC,1298,23.36
2019-05-16 11:01:05 UTC,1299,23.14
2019-05-16 12:01:10 UTC,1300,73.78
2019-05-16 13:01:10 UTC,1301,74.18
2019-05-16 14:01:10 UTC,1302,23.41
2019-05-16 15:01:10 UTC,1303,23.33
2019-05-16 16:01:10 UTC,1304,23.36
2019-05-16 17:01:09 UTC,1305,23.39
2019-05-16 18:01:10 UTC,1306,43.74
2019-05-16 19:01:05 UTC,1307,72.05
2019-05-16 20:01:05 UTC,1308,71.45
2019-05-16 21:01:10 UTC,1309,69.72
2019-05-16 22:01:06 UTC,1310,23.21
2019-05-16 23:01:09 UTC,1311,23.36
2019-05-17 00:01:10 UTC,1312,43.77
2019-05-17 01:01:05 UTC,1313,23.36
2019-05-17 02:01:05 UTC,1314,23.33
2019-05-17 03:01:05 UTC,1315,24.27
2019-05-17 04:01:09 UTC,1316,22.95
2019-05-17 05:01:10 UTC,1317,23.05
2019-05-17 06:01:10 UTC,1318,23.23
2019-05-17 07:01:06 UTC,1319,68.62
2019-05-17 08:01:09 UTC,1320,72.75
2019-05-17 09:01:09 UTC,1321,73.76
2019-05-17 10:01:09 UTC,1322,23.28
2019-05-17 11:01:09 UTC,1323,23.15
2019-05-17 12:01:09 UTC,1324,23.3
2019-05-17 13:01:05 UTC,1325,23.33
2019-05-17 14:01:10 UTC,1326,23.06
2019-05-17 15:01:16 UTC,1327,23.36
2019-05-17 16:01:05 UTC,1328,23.46
2019-05-17 17:01:10 UTC,1329,23.6
2019-05-17 18:01:10 UTC,1330,85.1
2019-05-17 19:01:10 UTC,1331,73.49
2019-05-17 20:01:10 UTC,1332,71.56
2019-05-17 21:01:10 UTC,1333,69.4
2019-05-17 22:01:10 UTC,1334,69.45
2019-05-17 23:01:05 UTC,1335,69.93
2019-05-18 00:01:10 UTC,1336,69.26
2019-05-18 01:01:05 UTC,1337,68.87
2019-05-18 02:01:09 UTC,1338,68.66
2019-05-18 03:01:04 UTC,1339,23.43
2019-05-18 04:01:04 UTC,1340,67.4
2019-05-18 05:01:09 UTC,1341,67.37
2019-05-18 06:01:04 UTC,1342,68.85
2019-05-18 07:01:04 UTC,1343,69.94
2019-05-18 08:01:09 UTC,1344,72.18
2019-05-18 09:01:05 UTC,1345,76.21
2019-05-18 10:01:05 UTC,1346,77.38
2019-05-18 11:01:10 UTC,1347,76.37
2019-05-18 12:01:10 UTC,1348,23.59
2019-05-18 14:01:10 UTC,1349,23.52
2019-05-18 15:01:05 UTC,1350,23.7
2019-05-18 16:01:10 UTC,1351,23.99
2019-05-18 17:01:05 UTC,1352,84.98
2019-05-18 18:01:10 UTC,1353,80.39
2019-05-18 19:01:09 UTC,1354,74.79
2019-05-18 20:01:05 UTC,1355,73.37
2019-05-18 21:01:09 UTC,1356,72.69
2019-05-18 22:01:09 UTC,1357,70.95
2019-05-18 23:01:09 UTC,1358,70.79
2019-05-19 00:01:04 UTC,1359,70.46
2019-05-19 01:01:05 UTC,1360,70.5
2019-05-19 02:01:05 UTC,1361,69.55
2019-05-19 03:01:06 UTC,1362,40.86
2019-05-19 04:01:10 UTC,1363,23.78
2019-05-19 05:01:04 UTC,1364,23.69
2019-05-19 06:01:09 UTC,1365,69.41
2019-05-19 07:01:09 UTC,1366,71.04
2019-05-19 08:01:06 UTC,1367,73.5
2019-05-19 09:01:09 UTC,1368,77.21
2019-05-19 10:01:09 UTC,1369,23.64
2019-05-19 11:01:09 UTC,1370,73.09
2019-05-19 12:01:09 UTC,1371,23.9
2019-05-19 13:01:05 UTC,1372,23.69
2019-05-19 14:01:10 UTC,1373,43.32
2019-05-19 15:01:09 UTC,1374,23.99
2019-05-19 16:01:09 UTC,1375,24.24
2019-05-19 17:01:10 UTC,1376,23.76
2019-05-19 18:01:05 UTC,1377,75.69
2019-05-19 20:01:09 UTC,1378,74.48
2019-05-19 21:01:05 UTC,1379,73.42
2019-05-19 22:01:05 UTC,1380,73.58
2019-05-19 23:01:09 UTC,1381,71.89
2019-05-20 00:01:09 UTC,1382,70.67
2019-05-20 01:01:05 UTC,1383,70.14
2019-05-20 02:01:10 UTC,1384,24.49
2019-05-20 03:01:09 UTC,1385,23.91
2019-05-20 04:01:05 UTC,1386,23.93
2019-05-20 05:01:09 UTC,1387,23.98
2019-05-20 06:01:09 UTC,1388,23.73
2019-05-20 07:01:09 UTC,1389,69.73
2019-05-20 08:01:09 UTC,1390,72.2
2019-05-20 09:01:09 UTC,1391,76.03
2019-05-20 10:01:09 UTC,1392,77.92
2019-05-20 11:01:04 UTC,1393,23.71
2019-05-20 12:01:06 UTC,1394,23.74
2019-05-20 13:01:09 UTC,1395,74.49
2019-05-20 14:01:05 UTC,1396,23.91
2019-05-20 15:01:10 UTC,1397,24.13
2019-05-20 16:01:10 UTC,1398,23.82
2019-05-20 17:01:05 UTC,1399,24.07
2019-05-20 18:01:09 UTC,1400,24.27
2019-05-20 19:01:04 UTC,1401,99.33
2019-05-20 20:01:10 UTC,1402,76.16
2019-05-20 21:01:10 UTC,1403,75.09
2019-05-20 22:01:10 UTC,1404,73.49
2019-05-20 23:01:05 UTC,1405,72.97
2019-05-21 00:01:12 UTC,1406,72.53
2019-05-21 01:01:09 UTC,1407,71.61
2019-05-21 02:01:09 UTC,1408,71.71
2019-05-21 03:01:07 UTC,1409,71.21
2019-05-21 04:01:05 UTC,1410,70.6
2019-05-21 05:01:09 UTC,1411,70.42
2019-05-21 06:01:09 UTC,1412,70.22
2019-05-21 07:01:09 UTC,1413,71.33
2019-05-21 08:01:04 UTC,1414,71.82
2019-05-21 09:01:09 UTC,1415,72.6
2019-05-21 10:01:04 UTC,1416,73.45
2019-05-21 11:01:09 UTC,1417,74.96
2019-05-21 12:01:05 UTC,1418,76.53
2019-05-21 13:01:10 UTC,1419,76.63
2019-05-21 14:01:09 UTC,1420,74.71
2019-05-21 15:01:10 UTC,1421,73.55
2019-05-21 16:01:10 UTC,1422,72.41
2019-05-21 17:01:05 UTC,1423,71.82
2019-05-21 18:01:09 UTC,1424,71.78
2019-05-21 19:01:04 UTC,1425,70.32
2019-05-21 20:01:09 UTC,1426,24.33
2019-05-21 21:01:05 UTC,1427,24.19
2019-05-21 22:01:10 UTC,1428,24.02
2019-05-21 23:01:05 UTC,1429,23.97
2019-05-22 00:01:10 UTC,1430,23.78
2019-05-22 01:01:05 UTC,1431,23.97
2019-05-22 02:01:10 UTC,1432,23.89
2019-05-22 03:01:10 UTC,1433,24.28
2019-05-22 04:01:10 UTC,1434,23.99
2019-05-22 05:01:10 UTC,1435,24.24
2019-05-22 06:01:05 UTC,1436,23.92
2019-05-22 07:01:09 UTC,1437,24.34
2019-05-22 08:01:09 UTC,1438,71.02
2019-05-22 09:01:09 UTC,1439,76.13
2019-05-22 10:01:09 UTC,1440,24.58
2019-05-22 11:01:04 UTC,1441,75.53
2019-05-22 12:01:04 UTC,1442,77.86
2019-05-22 13:01:10 UTC,1443,78.97
2019-05-22 14:01:10 UTC,1444,76.5
2019-05-22 15:01:09 UTC,1445,24.84
2019-05-22 16:01:09 UTC,1446,24.38
2019-05-22 17:01:09 UTC,1447,24.67
2019-05-22 18:01:09 UTC,1448,74.78
2019-05-22 19:01:09 UTC,1449,72.48
2019-05-22 20:01:09 UTC,1450,70.1
2019-05-22 21:01:09 UTC,1451,36.77
2019-05-22 22:01:04 UTC,1452,24.47
2019-05-22 23:01:05 UTC,1453,24.21
2019-05-23 00:01:10 UTC,1454,24.32
2019-05-23 01:01:05 UTC,1455,24.28
2019-05-23 02:01:10 UTC,1456,24.08
2019-05-23 03:01:05 UTC,1457,24.41
2019-05-23 04:01:04 UTC,1458,24.24
2019-05-23 05:01:10 UTC,1459,24.21
2019-05-23 06:01:05 UTC,1460,24.37
2019-05-23 07:01:09 UTC,1461,24.09
2019-05-23 08:01:10 UTC,1462,73.62
2019-05-23 09:01:10 UTC,1463,33.57
2019-05-23 10:01:10 UTC,1464,24.66
2019-05-23 11:01:06 UTC,1465,24.89
2019-05-23 12:01:10 UTC,1466,75.52
2019-05-23 13:01:06 UTC,1467,77.3
2019-05-23 14:01:05 UTC,1468,77.26
2019-05-23 15:01:05 UTC,1469,24.77
2019-05-23 16:01:09 UTC,1470,24.73
2019-05-23 17:01:05 UTC,1471,92.52
2019-05-23 18:01:10 UTC,1472,76.88
2019-05-23 19:01:10 UTC,1473,74.0
2019-05-23 20:01:09 UTC,1474,71.46
2019-05-23 21:01:05 UTC,1475,70.79
2019-05-23 22:01:07 UTC,1476,70.25
2019-05-23 23:01:10 UTC,1477,69.53
2019-05-24 00:01:10 UTC,1478,24.27
2019-05-24 01:01:10 UTC,1479,24.32
2019-05-24 02:01:10 UTC,1480,24.62
2019-05-24 03:01:05 UTC,1481,24.81
2019-05-24 04:01:10 UTC,1482,24.53
2019-05-24 05:01:09 UTC,1483,24.55
2019-05-24 06:01:09 UTC,1484,24.53
2019-05-24 07:01:09 UTC,1485,39.31
2019-05-24 08:01:09 UTC,1486,74.81
2019-05-24 09:01:09 UTC,1487,24.85
2019-05-24 10:01:04 UTC,1488,24.97
2019-05-24 11:01:05 UTC,1489,78.37
2019-05-24 12:01:06 UTC,1490,25.34
2019-05-24 13:01:10 UTC,1491,79.15
2019-05-24 14:01:10 UTC,1492,77.83
2019-05-24 15:01:05 UTC,1493,24.92
2019-05-24 16:01:05 UTC,1494,25.04
2019-05-24 17:01:10 UTC,1495,24.81
2019-05-24 18:01:10 UTC,1496,25.13
2019-05-24 19:01:10 UTC,1497,75.95
2019-05-24 20:01:05 UTC,1498,75.27
2019-05-24 21:01:04 UTC,1499,73.45
2019-05-24 22:01:09 UTC,1500,71.27
2019-05-24 23:01:04 UTC,1501,70.01
2019-05-25 00:01:09 UTC,1502,69.2
2019-05-25 01:01:09 UTC,1503,37.29
2019-05-25 02:01:10 UTC,1504,25.2
2019-05-25 03:01:05 UTC,1505,24.98
2019-05-25 04:01:09 UTC,1506,25.05
2019-05-25 05:01:05 UTC,1507,24.93
2019-05-25 06:01:09 UTC,1508,24.97
2019-05-25 07:01:06 UTC,1509,69.72
2019-05-25 08:01:05 UTC,1510,72.12
2019-05-25 09:01:10 UTC,1511,74.03
2019-05-25 10:01:10 UTC,1512,25.04
2019-05-25 11:01:05 UTC,1513,25.06
2019-05-25 12:01:09 UTC,1514,78.25
2019-05-25 13:01:04 UTC,1515,77.88
2019-05-25 14:01:04 UTC,1516,25.3
2019-05-25 15:01:04 UTC,1517,25.11
2019-05-25 16:01:04 UTC,1518,24.82
2019-05-25 17:01:09 UTC,1519,25.12
2019-05-25 18:01:04 UTC,1520,75.47
2019-05-25 19:01:04 UTC,1521,73.59
2019-05-25 20:01:05 UTC,1522,71.48
2019-05-25 21:01:05 UTC,1523,70.12
2019-05-25 22:01:05 UTC,1524,42.48
2019-05-25 23:01:05 UTC,1525,25.07
2019-05-26 00:01:05 UTC,1526,24.8
2019-05-26 01:01:04 UTC,1527,24.78
2019-05-26 02:01:04 UTC,1528,24.89
2019-05-26 03:01:04 UTC,1529,24.83
2019-05-26 04:01:05 UTC,1530,24.94
2019-05-26 05:01:05 UTC,1531,25.06
2019-05-26 06:01:05 UTC,1532,25.19
2019-05-26 07:01:05 UTC,1533,25.19
2019-05-26 08:01:10 UTC,1534,72.17
2019-05-26 09:01:05 UTC,1535,80.38
2019-05-26 10:01:05 UTC,1536,25.0
2019-05-26 11:01:04 UTC,1537,25.07
2019-05-26 12:01:05 UTC,1538,25.32
2019-05-26 13:01:05 UTC,1539,79.42
2019-05-26 14:01:05 UTC,1540,25.24
2019-05-26 15:01:05 UTC,1541,25.09
2019-05-26 16:01:05 UTC,1542,25.19
2019-05-26 17:01:05 UTC,1543,24.88
2019-05-26 18:01:11 UTC,1544,41.94
2019-05-26 19:01:05 UTC,1545,77.39
2019-05-26 20:01:04 UTC,1546,74.57
2019-05-26 21:01:05 UTC,1547,72.34
2019-05-26 22:01:05 UTC,1548,72.27
2019-05-26 23:01:11 UTC,1549,71.82
2019-05-27 00:01:05 UTC,1550,70.49
2019-05-27 01:01:05 UTC,1551,24.36
2019-05-27 02:01:05 UTC,1552,69.74
2019-05-27 03:01:05 UTC,1553,70.11
2019-05-27 04:01:05 UTC,1554,70.13
2019-05-27 05:01:05 UTC,1555,70.61
2019-05-27 06:01:05 UTC,1556,70.2
2019-05-27 07:01:10 UTC,1557,71.04
2019-05-27 08:01:05 UTC,1558,71.46
2019-05-27 09:01:05 UTC,1559,71.5
2019-05-27 10:01:05 UTC,1560,72.19
2019-05-27 11:01:04 UTC,1561,75.38
2019-05-27 12:01:04 UTC,1562,24.87
2019-05-27 13:01:04 UTC,1563,24.97
2019-05-27 14:01:05 UTC,1564,76.82
2019-05-27 15:01:10 UTC,1565,25.46
2019-05-27 16:01:05 UTC,1566,81.44
2019-05-27 17:01:05 UTC,1567,75.88
2019-05-27 18:01:05 UTC,1568,75.89
2019-05-27 19:01:05 UTC,1569,73.67
2019-05-27 20:01:04 UTC,1570,71.89
2019-05-27 21:01:04 UTC,1571,71.13
2019-05-27 22:01:04 UTC,1572,70.95
2019-05-27 23:01:04 UTC,1573,70.3
2019-05-28 00:01:04 UTC,1574,70.43
2019-05-28 01:01:05 UTC,1575,69.96
2019-05-28 02:01:05 UTC,1576,24.9
2019-05-28 03:01:05 UTC,1577,24.88
2019-05-28 04:01:05 UTC,1578,24.83
2019-05-28 05:01:04 UTC,1579,24.86
2019-05-28 06:01:04 UTC,1580,24.9
2019-05-28 07:01:04 UTC,1581,70.1
2019-05-28 08:01:05 UTC,1582,71.85
2019-05-28 09:01:05 UTC,1583,80.3
2019-05-28 10:01:04 UTC,1584,25.19
2019-05-28 11:01:04 UTC,1585,25.36
2019-05-28 12:01:05 UTC,1586,25.01
2019-05-28 13:01:05 UTC,1587,25.45
2019-05-28 14:01:04 UTC,1588,25.42
2019-05-28 15:01:04 UTC,1589,25.41
2019-05-28 16:01:04 UTC,1590,73.41
2019-05-28 17:01:10 UTC,1591,72.91
2019-05-28 18:01:05 UTC,1592,72.95
2019-05-28 19:01:09 UTC,1593,71.91
2019-05-28 20:01:04 UTC,1594,71.55
2019-05-28 21:01:04 UTC,1595,25.0
2019-05-28 22:01:04 UTC,1596,24.71
2019-05-28 23:01:04 UTC,1597,25.12
2019-05-29 00:01:04 UTC,1598,24.69
2019-05-29 01:01:04 UTC,1599,24.96
2019-05-29 02:01:04 UTC,1600,24.81
2019-05-29 03:01:04 UTC,1601,24.75
2019-05-29 04:01:05 UTC,1602,24.96
2019-05-29 05:01:05 UTC,1603,24.92
2019-05-29 06:01:04 UTC,1604,25.07
2019-05-29 07:01:05 UTC,1605,24.96
2019-05-29 08:01:09 UTC,1606,72.34
2019-05-29 09:01:04 UTC,1607,24.9
2019-05-29 10:01:05 UTC,1608,25.53
2019-05-29 11:01:04 UTC,1609,25.06
2019-05-29 12:01:04 UTC,1610,25.45
2019-05-29 13:01:04 UTC,1611,25.3
2019-05-29 14:01:04 UTC,1612,25.24
2019-05-29 15:01:04 UTC,1613,25.8
2019-05-29 16:01:05 UTC,1614,25.23
2019-05-29 17:01:05 UTC,1615,72.86
2019-05-29 18:01:05 UTC,1616,72.98
2019-05-29 19:01:05 UTC,1617,73.28
2019-05-29 20:01:04 UTC,1618,72.13
2019-05-29 21:01:09 UTC,1619,24.89
2019-05-29 22:01:05 UTC,1620,25.17
2019-05-29 23:01:05 UTC,1621,24.81
2019-05-30 00:01:05 UTC,1622,24.76
2019-05-30 01:01:05 UTC,1623,24.83
2019-05-30 02:01:05 UTC,1624,24.88
2019-05-30 03:01:09 UTC,1625,25.12
2019-05-30 04:01:09 UTC,1626,24.9
2019-05-30 05:01:10 UTC,1627,24.59
2019-05-30 06:01:05 UTC,1628,24.95
2019-05-30 07:01:05 UTC,1629,25.13
2019-05-30 08:01:05 UTC,1630,70.88
2019-05-30 09:01:05 UTC,1631,72.93
2019-05-30 10:01:07 UTC,1632,72.84
2019-05-30 11:01:05 UTC,1633,73.17
2019-05-30 12:01:04 UTC,1634,73.14
2019-05-30 13:01:04 UTC,1635,73.02
2019-05-30 14:01:05 UTC,1636,25.39
2019-05-30 15:01:05 UTC,1637,25.7
2019-05-30 16:01:05 UTC,1638,25.38
2019-05-30 17:01:05 UTC,1639,25.64
2019-05-30 18:01:05 UTC,1640,72.64
2019-05-30 19:01:04 UTC,1641,72.45
2019-05-30 20:01:05 UTC,1642,73.09
2019-05-30 21:01:05 UTC,1643,72.85
2019-05-30 22:01:05 UTC,1644,71.9
2019-05-30 23:01:05 UTC,1645,25.23
2019-05-31 00:01:05 UTC,1646,44.65
2019-05-31 01:01:05 UTC,1647,25.07
2019-05-31 02:01:05 UTC,1648,25.15
2019-05-31 03:01:05 UTC,1649,25.02
2019-05-31 04:01:04 UTC,1650,25.05
2019-05-31 05:01:04 UTC,1651,24.88
2019-05-31 06:01:04 UTC,1652,25.06
2019-05-31 07:01:04 UTC,1653,71.18
2019-05-31 08:01:05 UTC,1654,25.45
2019-05-31 09:01:05 UTC,1655,25.4
2019-05-31 10:01:04 UTC,1656,25.49
2019-05-31 11:01:05 UTC,1657,25.39
2019-05-31 12:01:04 UTC,1658,25.33
2019-05-31 13:01:04 UTC,1659,25.23
2019-05-31 14:01:09 UTC,1660,25.46
2019-05-31 15:01:04 UTC,1661,25.27
2019-05-31 16:01:05 UTC,1662,25.3
2019-05-31 17:01:05 UTC,1663,25.52
2019-05-31 18:01:11 UTC,1664,25.53
2019-05-31 19:01:05 UTC,1665,71.55
2019-05-31 20:01:05 UTC,1666,72.19
2019-05-31 21:01:04 UTC,1667,70.79
2019-05-31 22:01:04 UTC,1668,69.81
2019-05-31 23:01:04 UTC,1669,24.99
2019-06-01 00:01:04 UTC,1670,25.25
2019-06-01 01:01:04 UTC,1671,25.19
2019-06-01 02:01:09 UTC,1672,25.31
2019-06-01 03:01:04 UTC,1673,24.93
2019-06-01 04:01:04 UTC,1674,25.02
2019-06-01 05:01:05 UTC,1675,25.03
2019-06-01 06:01:05 UTC,1676,25.08
2019-06-01 07:01:05 UTC,1677,70.3
2019-06-01 08:01:05 UTC,1678,25.39
2019-06-01 09:01:05 UTC,1679,25.3
2019-06-01 10:01:04 UTC,1680,25.51
2019-06-01 11:01:04 UTC,1681,25.76
2019-06-01 12:01:04 UTC,1682,25.44
2019-06-01 13:01:04 UTC,1683,25.6
2019-06-01 14:01:05 UTC,1684,25.63
2019-06-01 15:01:05 UTC,1685,26.26
2019-06-01 16:01:05 UTC,1686,26.08
2019-06-01 17:01:04 UTC,1687,26.51
2019-06-01 18:01:09 UTC,1688,25.94
2019-06-01 19:01:05 UTC,1689,25.88
2019-06-01 20:01:05 UTC,1690,25.79
2019-06-01 21:01:09 UTC,1691,70.23
2019-06-01 22:01:10 UTC,1692,70.72
2019-06-01 23:01:05 UTC,1693,69.87
2019-06-02 00:01:04 UTC,1694,25.92
2019-06-02 01:01:09 UTC,1695,26.07
2019-06-02 02:01:09 UTC,1696,25.87
2019-06-02 03:01:09 UTC,1697,25.84
2019-06-02 04:01:09 UTC,1698,25.93
2019-06-02 05:01:05 UTC,1699,25.75
2019-06-02 06:01:09 UTC,1700,26.28
2019-06-02 07:01:09 UTC,1701,70.32
2019-06-02 08:01:09 UTC,1702,26.03
2019-06-02 09:01:10 UTC,1703,26.21
2019-06-02 10:01:05 UTC,1704,26.19
2019-06-02 11:01:05 UTC,1705,26.3
2019-06-02 12:01:04 UTC,1706,26.51
2019-06-02 13:01:09 UTC,1707,26.62
2019-06-02 14:01:09 UTC,1708,26.53
2019-06-02 15:01:09 UTC,1709,26.39
2019-06-02 16:01:09 UTC,1710,26.43
2019-06-02 17:01:09 UTC,1711,26.44
2019-06-02 18:01:09 UTC,1712,26.21
2019-06-02 19:01:04 UTC,1713,26.68
2019-06-02 20:01:09 UTC,1714,26.48
2019-06-02 21:01:04 UTC,1715,26.03
2019-06-02 22:01:04 UTC,1716,26.28
2019-06-02 23:01:05 UTC,1717,70.32
2019-06-03 00:01:09 UTC,1718,26.26
2019-06-03 01:01:09 UTC,1719,40.66
2019-06-03 02:01:04 UTC,1720,26.43
2019-06-03 03:01:04 UTC,1721,25.97
2019-06-03 04:01:05 UTC,1722,26.09
2019-06-03 05:01:10 UTC,1723,26.01
2019-06-03 06:01:05 UTC,1724,70.38
2019-06-03 07:01:09 UTC,1725,26.39
2019-06-03 08:01:09 UTC,1726,26.61
2019-06-03 09:01:09 UTC,1727,26.44
2019-06-03 10:01:04 UTC,1728,26.31
2019-06-03 11:01:09 UTC,1729,26.44
2019-06-03 12:01:09 UTC,1730,26.81
2019-06-03 13:01:09 UTC,1731,26.42
2019-06-03 14:01:09 UTC,1732,26.61
2019-06-03 15:01:05 UTC,1733,26.5
2019-06-03 16:01:09 UTC,1734,26.49
2019-06-03 17:01:04 UTC,1735,26.32
2019-06-03 18:01:05 UTC,1736,26.24
2019-06-03 19:01:09 UTC,1737,26.56
2019-06-03 20:01:09 UTC,1738,26.45
2019-06-03 21:01:10 UTC,1739,26.42
2019-06-03 22:01:13 UTC,1740,106.09
2019-06-03 23:01:12 UTC,1741,107.17
2019-06-04 00:01:08 UTC,1742,-57.94
2019-06-04 01:01:08 UTC,1743,108.67
2019-06-04 02:01:13 UTC,1744,93.17
2019-06-04 03:01:07 UTC,1745,-50.9
2019-06-04 04:01:08 UTC,1746,-58.64
2019-06-04 05:01:08 UTC,1747,108.51
2019-06-04 06:01:07 UTC,1748,98.25
2019-06-04 07:01:12 UTC,1749,106.22
2019-06-04 08:01:08 UTC,1750,105.09
2019-06-04 09:01:07 UTC,1751,100.74
2019-06-04 10:01:07 UTC,1752,100.37
2019-06-04 11:01:07 UTC,1753,98.68
2019-06-04 12:01:08 UTC,1754,100.48
2019-06-04 13:01:12 UTC,1755,97.82
2019-06-04 14:01:12 UTC,1756,100.77
2019-06-04 15:01:12 UTC,1757,93.51
2019-06-04 16:01:08 UTC,1758,100.69
2019-06-04 17:01:05 UTC,1759,26.97
2019-06-04 18:01:05 UTC,1760,27.13
2019-06-04 19:01:10 UTC,1761,26.89
2019-06-04 20:01:05 UTC,1762,26.73
2019-06-04 21:01:06 UTC,1763,26.53
2019-06-04 22:01:04 UTC,1764,26.68
2019-06-04 23:01:04 UTC,1765,26.49
2019-06-05 00:01:05 UTC,1766,26.67
2019-06-05 01:01:09 UTC,1767,26.54
2019-06-05 02:01:05 UTC,1768,47.01
2019-06-05 03:01:05 UTC,1769,69.98
2019-06-05 04:01:05 UTC,1770,26.34
2019-06-05 05:01:05 UTC,1771,26.48
2019-06-05 06:01:04 UTC,1772,69.86
2019-06-05 07:01:05 UTC,1773,26.87
2019-06-05 08:01:10 UTC,1774,26.93
2019-06-05 09:01:05 UTC,1775,26.73
2019-06-05 10:01:05 UTC,1776,27.07
2019-06-05 11:01:05 UTC,1777,26.88
2019-06-05 12:01:04 UTC,1778,27.53
2019-06-05 13:01:09 UTC,1779,27.44
2019-06-05 14:01:05 UTC,1780,27.2
2019-06-05 15:01:10 UTC,1781,26.76
2019-06-05 16:01:05 UTC,1782,27.27
2019-06-05 17:01:05 UTC,1783,27.03
2019-06-05 18:01:10 UTC,1784,27.06
2019-06-05 19:01:10 UTC,1785,26.88
2019-06-05 20:01:05 UTC,1786,26.75
2019-06-05 21:01:11 UTC,1787,27.87
2019-06-05 22:01:05 UTC,1788,28.43
2019-06-05 23:01:04 UTC,1789,28.44
2019-06-06 00:01:04 UTC,1790,28.67
2019-06-06 01:01:05 UTC,1791,28.84
2019-06-06 02:01:05 UTC,1792,28.96
2019-06-06 03:01:05 UTC,1793,28.92
2019-06-06 04:01:04 UTC,1794,28.79
2019-06-06 05:01:05 UTC,1795,28.84
2019-06-06 06:01:04 UTC,1796,29.06
2019-06-06 07:01:09 UTC,1797,28.96
2019-06-06 08:01:04 UTC,1798,28.95
2019-06-06 09:01:04 UTC,1799,29.01
2019-06-06 10:01:05 UTC,1800,29.09
2019-06-06 11:01:05 UTC,1801,29.11
2019-06-06 12:01:04 UTC,1802,29.07
2019-06-06 13:01:04 UTC,1803,29.07
2019-06-06 14:01:07 UTC,1804,29.02
2019-06-06 15:01:05 UTC,1805,29.13
2019-06-06 16:01:09 UTC,1806,29.23
2019-06-06 17:01:09 UTC,1807,29.24
2019-06-06 18:01:04 UTC,1808,29.19
2019-06-06 19:01:04 UTC,1809,29.08
2019-06-06 20:01:05 UTC,1810,29.03
2019-06-06 21:01:10 UTC,1811,28.96
2019-06-06 22:01:10 UTC,1812,29.17
2019-06-06 23:01:05 UTC,1813,29.17
2019-06-07 00:01:09 UTC,1814,29.01
2019-06-07 01:01:10 UTC,1815,29.22
2019-06-07 02:01:07 UTC,1816,29.09
2019-06-07 03:01:05 UTC,1817,28.99
2019-06-07 04:01:04 UTC,1818,29.35
2019-06-07 05:01:05 UTC,1819,29.22
2019-06-07 06:01:05 UTC,1820,29.41
2019-06-07 07:01:04 UTC,1821,29.11
2019-06-07 08:01:09 UTC,1822,29.3
2019-06-07 09:01:09 UTC,1823,29.49
2019-06-07 10:01:04 UTC,1824,29.43
2019-06-07 11:01:05 UTC,1825,29.39
2019-06-07 12:01:07 UTC,1826,29.26
2019-06-07 13:01:06 UTC,1827,29.54
2019-06-07 14:01:05 UTC,1828,29.59
2019-06-07 15:01:04 UTC,1829,29.47
2019-06-07 16:01:05 UTC,1830,29.66
2019-06-07 17:01:10 UTC,1831,29.25
2019-06-07 18:01:10 UTC,1832,29.21
2019-06-07 19:01:05 UTC,1833,29.18
2019-06-07 20:01:05 UTC,1834,29.4
2019-06-07 21:01:09 UTC,1835,29.41
2019-06-07 22:01:09 UTC,1836,29.5
2019-06-07 23:01:05 UTC,1837,29.32
2019-06-08 00:01:10 UTC,1838,29.26
2019-06-08 01:01:10 UTC,1839,29.17
2019-06-08 02:01:07 UTC,1840,29.5
2019-06-08 03:01:10 UTC,1841,29.43
2019-06-08 04:01:10 UTC,1842,29.3
2019-06-08 05:01:05 UTC,1843,29.17
2019-06-08 06:01:10 UTC,1844,29.55
2019-06-08 07:01:10 UTC,1845,29.3
2019-06-08 08:01:05 UTC,1846,29.35
2019-06-08 09:01:09 UTC,1847,29.33
2019-06-08 10:01:04 UTC,1848,29.4
2019-06-08 11:01:05 UTC,1849,29.43
2019-06-08 12:01:05 UTC,1850,29.52
2019-06-08 13:01:09 UTC,1851,30.0
2019-06-08 14:01:09 UTC,1852,29.45
2019-06-08 15:01:05 UTC,1853,29.58
2019-06-08 16:01:09 UTC,1854,29.06
2019-06-08 17:01:04 UTC,1855,29.35
2019-06-08 18:01:07 UTC,1856,29.63
2019-06-08 19:01:10 UTC,1857,29.58
2019-06-08 20:01:09 UTC,1858,29.2
2019-06-08 21:01:05 UTC,1859,29.55
2019-06-08 22:01:06 UTC,1860,29.65
2019-06-08 23:01:04 UTC,1861,29.52
2019-06-09 00:01:04 UTC,1862,29.81
2019-06-09 01:01:05 UTC,1863,29.48
2019-06-09 02:01:05 UTC,1864,29.71
2019-06-09 03:01:05 UTC,1865,29.57
2019-06-09 04:01:05 UTC,1866,29.63
2019-06-09 05:01:10 UTC,1867,29.7
2019-06-09 06:01:05 UTC,1868,29.66
2019-06-09 07:01:04 UTC,1869,29.74
2019-06-09 08:01:05 UTC,1870,29.51
2019-06-09 09:01:05 UTC,1871,29.53
2019-06-09 10:01:04 UTC,1872,29.62
2019-06-09 11:01:09 UTC,1873,29.8
2019-06-09 12:01:05 UTC,1874,29.68
2019-06-09 13:01:08 UTC,1875,29.98
2019-06-09 14:01:05 UTC,1876,29.29
2019-06-09 15:01:10 UTC,1877,29.66
2019-06-09 16:01:05 UTC,1878,29.6
2019-06-09 17:01:05 UTC,1879,29.85
2019-06-09 18:01:05 UTC,1880,29.65
2019-06-09 19:01:09 UTC,1881,29.94
2019-06-09 20:01:04 UTC,1882,29.71
2019-06-09 21:01:09 UTC,1883,29.53
2019-06-09 22:01:04 UTC,1884,29.67
2019-06-09 23:01:09 UTC,1885,29.6
2019-06-10 00:01:04 UTC,1886,29.65
2019-06-10 01:01:10 UTC,1887,29.41
2019-06-10 02:01:05 UTC,1888,29.56
2019-06-10 03:01:05 UTC,1889,29.63
2019-06-10 04:01:10 UTC,1890,29.4
2019-06-10 05:01:06 UTC,1891,30.0
2019-06-10 06:01:05 UTC,1892,29.57
2019-06-10 07:01:05 UTC,1893,29.67
2019-06-10 08:01:05 UTC,1894,29.76
2019-06-10 09:01:05 UTC,1895,29.93
2019-06-10 10:01:05 UTC,1896,30.03
2019-06-10 11:01:05 UTC,1897,30.22
2019-06-10 12:01:05 UTC,1898,30.03
2019-06-10 13:01:10 UTC,1899,29.95
2019-06-10 14:01:05 UTC,1900,30.13
2019-06-10 17:01:04 UTC,1901,33.05
2019-06-10 18:01:05 UTC,1902,33.08
2019-06-10 19:01:05 UTC,1903,33.21
2019-06-10 20:01:05 UTC,1904,33.34
2019-06-10 21:01:09 UTC,1905,33.63
2019-06-10 22:01:09 UTC,1906,33.55
2019-06-10 23:01:05 UTC,1907,33.34
2019-06-11 00:01:04 UTC,1908,33.59
2019-06-11 01:01:09 UTC,1909,33.76
2019-06-11 02:01:09 UTC,1910,33.58
2019-06-11 03:01:04 UTC,1911,33.49
2019-06-11 04:01:04 UTC,1912,33.72
2019-06-11 05:01:07 UTC,1913,33.7
2019-06-11 06:01:10 UTC,1914,33.59
2019-06-11 07:01:05 UTC,1915,33.72
2019-06-11 08:01:04 UTC,1916,34.08
2019-06-11 09:01:09 UTC,1917,33.96
2019-06-11 10:01:04 UTC,1918,34.18
2019-06-11 11:01:05 UTC,1919,34.26
2019-06-11 12:01:05 UTC,1920,34.03
2019-06-11 13:01:11 UTC,1921,34.21
2019-06-11 14:01:05 UTC,1922,33.99
2019-06-11 15:01:04 UTC,1923,34.17
2019-06-11 16:01:04 UTC,1924,34.04
2019-06-11 17:01:04 UTC,1925,34.18
2019-06-11 18:01:05 UTC,1926,34.12
2019-06-11 19:01:05 UTC,1927,34.15
2019-06-11 20:01:04 UTC,1928,34.09
2019-06-11 21:01:04 UTC,1929,34.24
2019-06-11 22:01:09 UTC,1930,34.07
2019-06-11 23:01:09 UTC,1931,34.23
2019-06-12 00:01:04 UTC,1932,34.11
2019-06-12 01:01:04 UTC,1933,34.05
2019-06-12 02:01:10 UTC,1934,34.06
2019-06-12 03:01:10 UTC,1935,34.39
2019-06-12 04:01:05 UTC,1936,34.2
2019-06-12 05:01:05 UTC,1937,34.09
2019-06-12 06:01:10 UTC,1938,34.11
2019-06-12 07:01:05 UTC,1939,34.42
2019-06-12 08:01:09 UTC,1940,34.6
2019-06-12 09:01:05 UTC,1941,34.5
2019-06-12 10:01:05 UTC,1942,34.41
2019-06-12 11:01:04 UTC,1943,34.37
2019-06-12 12:01:05 UTC,1944,34.1
2019-06-12 13:01:10 UTC,1945,34.9
2019-06-12 14:01:06 UTC,1946,34.83
2019-06-12 15:01:05 UTC,1947,35.61
2019-06-12 16:01:04 UTC,1948,34.98
2019-06-12 17:01:09 UTC,1949,34.95
2019-06-12 18:01:09 UTC,1950,34.77
2019-06-12 19:01:04 UTC,1951,35.01
2019-06-12 20:01:04 UTC,1952,34.75
2019-06-12 21:01:05 UTC,1953,34.57
2019-06-12 22:01:09 UTC,1954,34.79
2019-06-12 23:01:04 UTC,1955,34.81
2019-06-13 00:01:09 UTC,1956,34.79
2019-06-13 01:01:09 UTC,1957,34.64
2019-06-13 02:01:05 UTC,1958,34.79
2019-06-13 03:01:05 UTC,1959,34.63
2019-06-13 04:01:09 UTC,1960,34.88
2019-06-13 05:01:05 UTC,1961,34.85
2019-06-13 06:01:10 UTC,1962,34.64
2019-06-13 07:01:04 UTC,1963,34.71
2019-06-13 08:01:09 UTC,1964,34.72
2019-06-13 09:01:04 UTC,1965,35.04
2019-06-13 10:01:05 UTC,1966,34.97
2019-06-13 11:01:05 UTC,1967,35.38
2019-06-13 12:01:04 UTC,1968,35.15
2019-06-13 13:01:09 UTC,1969,35.2
2019-06-13 14:01:09 UTC,1970,35.33
2019-06-13 15:01:05 UTC,1971,34.97
2019-06-13 16:01:05 UTC,1972,35.03
2019-06-13 17:01:10 UTC,1973,35.16
2019-06-13 18:01:10 UTC,1974,35.24
2019-06-13 19:01:05 UTC,1975,35.22
2019-06-13 20:01:04 UTC,1976,35.26
2019-06-13 21:01:09 UTC,1977,35.33
2019-06-13 22:01:05 UTC,1978,35.15
2019-06-13 23:01:10 UTC,1979,35.29
2019-06-14 00:01:04 UTC,1980,35.17
2019-06-14 01:01:09 UTC,1981,35.12
2019-06-14 02:01:04 UTC,1982,35.27
2019-06-14 03:01:10 UTC,1983,35.13
2019-06-14 04:01:05 UTC,1984,35.03
2019-06-14 05:01:04 UTC,1985,35.32
2019-06-14 06:01:10 UTC,1986,35.16
2019-06-14 07:01:05 UTC,1987,35.53
2019-06-14 08:01:10 UTC,1988,35.24
2019-06-14 09:01:05 UTC,1989,35.22
2019-06-14 10:01:05 UTC,1990,35.48
2019-06-14 11:01:05 UTC,1991,35.4
2019-06-14 12:01:04 UTC,1992,35.47
2019-06-14 13:01:06 UTC,1993,35.43
2019-06-14 14:01:09 UTC,1994,35.44
2019-06-14 15:01:04 UTC,1995,35.78
2019-06-14 16:01:04 UTC,1996,35.78
2019-06-14 17:01:05 UTC,1997,35.61
2019-06-14 18:01:07 UTC,1998,35.61
2019-06-14 19:01:09 UTC,1999,35.31
2019-06-14 20:01:04 UTC,2000,35.39
2019-06-14 21:01:05 UTC,2001,35.48
2019-06-14 22:01:10 UTC,2002,35.53
2019-06-14 23:01:04 UTC,2003,35.39
2019-06-15 00:01:09 UTC,2004,35.49
2019-06-15 01:01:09 UTC,2005,35.52
2019-06-15 02:01:05 UTC,2006,35.04
2019-06-15 03:01:05 UTC,2007,35.35
2019-06-15 04:01:05 UTC,2008,35.36
2019-06-15 05:01:05 UTC,2009,35.41
2019-06-15 06:01:09 UTC,2010,35.47
2019-06-15 07:01:06 UTC,2011,35.49
2019-06-15 08:01:05 UTC,2012,35.64
2019-06-15 09:01:05 UTC,2013,35.79
2019-06-15 10:01:04 UTC,2014,35.55
2019-06-15 11:01:10 UTC,2015,36.06
2019-06-15 12:01:10 UTC,2016,35.94
2019-06-15 13:01:06 UTC,2017,36.15
2019-06-15 14:01:05 UTC,2018,35.99
2019-06-15 15:01:09 UTC,2019,35.82
2019-06-15 16:01:05 UTC,2020,36.01
2019-06-15 17:01:10 UTC,2021,35.67
2019-06-15 18:01:05 UTC,2022,35.76
2019-06-15 19:01:10 UTC,2023,35.99
2019-06-15 20:01:10 UTC,2024,35.7
2019-06-15 21:01:10 UTC,2025,35.82
2019-06-15 22:01:10 UTC,2026,35.89
2019-06-15 23:01:05 UTC,2027,35.96
2019-06-16 00:01:10 UTC,2028,84.22
2019-06-16 01:01:11 UTC,2029,85.56
2019-06-16 02:01:05 UTC,2030,85.33
2019-06-16 03:01:05 UTC,2031,83.32
2019-06-16 04:01:05 UTC,2032,58.31
2019-06-16 05:01:04 UTC,2033,35.59
2019-06-16 06:01:08 UTC,2034,35.84
2019-06-16 07:01:05 UTC,2035,85.24
2019-06-16 08:01:10 UTC,2036,36.0
2019-06-16 09:01:05 UTC,2037,35.94
2019-06-16 10:01:07 UTC,2038,36.81
2019-06-16 11:01:09 UTC,2039,36.17
2019-06-16 12:01:06 UTC,2040,35.94
2019-06-16 13:01:05 UTC,2041,35.9
2019-06-16 14:01:04 UTC,2042,35.88
2019-06-16 15:01:05 UTC,2043,35.89
2019-06-16 16:01:05 UTC,2044,35.93
2019-06-16 17:01:05 UTC,2045,35.89
2019-06-16 18:01:09 UTC,2046,35.99
2019-06-16 19:01:10 UTC,2047,35.83
2019-06-16 20:01:10 UTC,2048,36.09
2019-06-16 21:01:10 UTC,2049,83.91
2019-06-16 22:01:10 UTC,2050,84.52
2019-06-16 23:01:05 UTC,2051,35.87
2019-06-17 00:01:09 UTC,2052,35.76
2019-06-17 01:01:05 UTC,2053,35.76
2019-06-17 02:01:05 UTC,2054,35.77
2019-06-17 03:01:05 UTC,2055,35.8
2019-06-17 04:01:06 UTC,2056,35.82
2019-06-17 05:01:11 UTC,2057,35.8
2019-06-17 06:01:06 UTC,2058,35.4
2019-06-17 07:01:05 UTC,2059,35.88
2019-06-17 08:01:09 UTC,2060,35.87
2019-06-17 09:01:09 UTC,2061,36.24
2019-06-17 10:01:05 UTC,2062,36.17
2019-06-17 11:01:10 UTC,2063,36.41
2019-06-17 12:01:10 UTC,2064,36.36
2019-06-17 13:01:08 UTC,2065,36.3
2019-06-17 14:01:05 UTC,2066,36.45
2019-06-17 15:01:04 UTC,2067,36.23
2019-06-17 16:01:09 UTC,2068,36.07
2019-06-17 17:01:10 UTC,2069,37.08
2019-06-17 18:01:09 UTC,2070,36.06
2019-06-17 19:01:05 UTC,2071,36.07
2019-06-17 20:01:09 UTC,2072,36.09
2019-06-17 21:01:04 UTC,2073,35.92
2019-06-17 22:01:12 UTC,2074,61.96
2019-06-17 23:01:06 UTC,2075,86.33
2019-06-18 00:01:10 UTC,2076,84.9
2019-06-18 01:01:05 UTC,2077,35.87
2019-06-18 02:01:05 UTC,2078,35.42
2019-06-18 03:01:05 UTC,2079,35.84
2019-06-18 04:01:05 UTC,2080,35.91
2019-06-18 05:01:05 UTC,2081,36.23
2019-06-18 06:01:05 UTC,2082,35.92
2019-06-18 07:01:09 UTC,2083,85.29
2019-06-18 08:01:09 UTC,2084,36.04
2019-06-18 09:01:04 UTC,2085,36.08
2019-06-18 10:01:05 UTC,2086,36.15
2019-06-18 11:01:11 UTC,2087,36.4
2019-06-18 12:01:05 UTC,2088,36.91
2019-06-18 13:01:07 UTC,2089,36.36
2019-06-18 14:01:10 UTC,2090,36.55
2019-06-18 15:01:10 UTC,2091,36.17
2019-06-18 17:01:04 UTC,2092,36.22
2019-06-18 18:01:09 UTC,2093,36.51
2019-06-18 19:01:09 UTC,2094,36.18
2019-06-18 20:01:05 UTC,2095,36.07
2019-06-18 21:01:10 UTC,2096,36.26
2019-06-18 22:01:11 UTC,2097,36.05
2019-06-18 23:01:10 UTC,2098,36.42
2019-06-19 00:01:05 UTC,2099,35.99
2019-06-19 01:01:10 UTC,2100,55.09
2019-06-19 02:01:05 UTC,2101,84.06
2019-06-19 03:01:06 UTC,2102,82.93
2019-06-19 04:01:05 UTC,2103,83.48
2019-06-19 05:01:04 UTC,2104,36.33
2019-06-19 06:01:04 UTC,2105,55.85
2019-06-19 07:01:05 UTC,2106,36.2
2019-06-19 08:01:05 UTC,2107,36.29
2019-06-19 09:01:04 UTC,2108,36.4
2019-06-19 10:01:05 UTC,2109,36.48
2019-06-19 11:01:06 UTC,2110,36.48
2019-06-19 12:01:09 UTC,2111,36.49
2019-06-19 13:01:04 UTC,2112,36.71
2019-06-19 14:01:05 UTC,2113,36.33
2019-06-19 15:01:05 UTC,2114,36.4
2019-06-19 16:01:04 UTC,2115,36.2
2019-06-19 17:01:05 UTC,2116,36.48
2019-06-19 18:01:10 UTC,2117,36.15
2019-06-19 19:01:05 UTC,2118,36.23
2019-06-19 20:01:05 UTC,2119,36.19
2019-06-19 21:01:05 UTC,2120,36.04
2019-06-19 22:01:10 UTC,2121,36.1
2019-06-19 23:01:05 UTC,2122,36.13
2019-06-20 00:01:05 UTC,2123,36.51
2019-06-20 01:01:05 UTC,2124,35.93
2019-06-20 02:01:09 UTC,2125,83.82
2019-06-20 03:01:05 UTC,2126,86.17
2019-06-20 04:01:05 UTC,2127,84.38
2019-06-20 05:01:05 UTC,2128,83.7
2019-06-20 06:01:04 UTC,2129,84.47
2019-06-20 07:01:10 UTC,2130,36.28
2019-06-20 08:01:06 UTC,2131,36.42
2019-06-20 09:01:05 UTC,2132,36.18
2019-06-20 10:01:05 UTC,2133,36.51
2019-06-20 11:01:10 UTC,2134,36.43
2019-06-20 12:01:05 UTC,2135,36.65
2019-06-20 13:01:05 UTC,2136,36.42
2019-06-20 14:01:10 UTC,2137,36.62
2019-06-20 15:01:10 UTC,2138,36.42
2019-06-20 16:01:05 UTC,2139,36.3
2019-06-20 17:01:05 UTC,2140,36.53
2019-06-20 18:01:05 UTC,2141,36.4
2019-06-20 19:01:04 UTC,2142,36.28
2019-06-20 20:01:09 UTC,2143,36.28
2019-06-20 21:01:10 UTC,2144,36.28
2019-06-20 22:01:10 UTC,2145,52.09
2019-06-20 23:01:10 UTC,2146,84.17
2019-06-21 00:01:05 UTC,2147,84.06
2019-06-21 01:01:10 UTC,2148,84.63
2019-06-21 02:01:10 UTC,2149,36.18
2019-06-21 03:01:07 UTC,2150,84.84
2019-06-21 04:01:06 UTC,2151,35.93
2019-06-21 05:01:06 UTC,2152,36.21
2019-06-21 06:01:05 UTC,2153,36.35
2019-06-21 07:01:09 UTC,2154,83.58
2019-06-21 08:01:09 UTC,2155,36.6
2019-06-21 09:01:09 UTC,2156,36.76
2019-06-21 10:01:04 UTC,2157,36.5
2019-06-21 11:01:09 UTC,2158,36.74
2019-06-21 12:01:10 UTC,2159,36.86
2019-06-21 13:01:10 UTC,2160,36.91
2019-06-21 14:01:04 UTC,2161,36.59
2019-06-21 15:01:09 UTC,2162,36.82
2019-06-21 16:01:09 UTC,2163,36.68
2019-06-21 17:01:09 UTC,2164,36.33
2019-06-21 18:01:09 UTC,2165,38.34
2019-06-21 19:01:11 UTC,2166,41.61
2019-06-21 20:01:10 UTC,2167,57.85
2019-06-21 21:01:09 UTC,2168,83.86
2019-06-21 22:01:09 UTC,2169,56.24
2019-06-21 23:01:05 UTC,2170,40.28
2019-06-22 00:01:10 UTC,2171,40.28
2019-06-22 01:01:06 UTC,2172,40.03
2019-06-22 02:01:05 UTC,2173,40.16
2019-06-22 03:01:06 UTC,2174,64.31
2019-06-22 04:01:10 UTC,2175,64.01
2019-06-22 05:01:05 UTC,2176,45.38
2019-06-22 06:01:05 UTC,2177,64.11
2019-06-22 07:01:10 UTC,2178,39.76
2019-06-22 08:01:05 UTC,2179,39.83
2019-06-22 09:01:09 UTC,2180,39.95
2019-06-22 10:01:05 UTC,2181,39.7
2019-06-22 11:01:09 UTC,2182,39.46
2019-06-22 12:01:04 UTC,2183,39.45
2019-06-22 13:01:09 UTC,2184,39.04
2019-06-22 14:01:10 UTC,2185,38.93
2019-06-22 15:01:05 UTC,2186,39.09
2019-06-22 16:01:05 UTC,2187,39.06
2019-06-22 17:01:09 UTC,2188,38.42
2019-06-22 18:01:09 UTC,2189,39.41
2019-06-22 19:01:05 UTC,2190,38.6
2019-06-22 20:01:10 UTC,2191,38.49
2019-06-22 21:01:05 UTC,2192,38.37
2019-06-22 22:01:09 UTC,2193,38.26
2019-06-22 23:01:05 UTC,2194,38.43
2019-06-23 00:01:11 UTC,2195,38.73
2019-06-23 01:01:05 UTC,2196,38.37
2019-06-23 02:01:04 UTC,2197,38.14
2019-06-23 03:01:05 UTC,2198,38.01
2019-06-23 04:01:05 UTC,2199,38.22
2019-06-23 05:01:05 UTC,2200,38.1
2019-06-23 06:01:06 UTC,2201,64.2
2019-06-23 07:01:06 UTC,2202,37.83
2019-06-23 08:01:09 UTC,2203,38.04
2019-06-23 09:01:09 UTC,2204,38.26
2019-06-23 10:01:05 UTC,2205,38.09
2019-06-23 11:01:05 UTC,2206,37.9
2019-06-23 12:01:05 UTC,2207,37.32
2019-06-23 13:01:04 UTC,2208,37.97
2019-06-23 14:01:09 UTC,2209,37.68
2019-06-23 15:01:09 UTC,2210,37.58
2019-06-23 16:01:04 UTC,2211,37.39
2019-06-23 17:01:04 UTC,2212,37.34
2019-06-23 18:01:10 UTC,2213,36.65
2019-06-23 19:01:05 UTC,2214,36.5
2019-06-23 20:01:08 UTC,2215,36.5
2019-06-23 21:01:10 UTC,2216,36.38
2019-06-23 22:01:07 UTC,2217,36.55
2019-06-23 23:01:05 UTC,2218,36.41
2019-06-24 00:01:05 UTC,2219,36.52
2019-06-24 01:01:05 UTC,2220,36.39
2019-06-24 02:01:05 UTC,2221,36.73
2019-06-24 03:01:11 UTC,2222,36.32
2019-06-24 04:01:05 UTC,2223,36.46
2019-06-24 05:01:04 UTC,2224,36.3
2019-06-24 06:01:09 UTC,2225,36.28
2019-06-24 07:01:04 UTC,2226,36.27
2019-06-24 08:01:09 UTC,2227,36.21
2019-06-24 09:01:09 UTC,2228,36.4
2019-06-24 10:01:04 UTC,2229,36.52
2019-06-24 11:01:05 UTC,2230,36.42
2019-06-24 12:01:05 UTC,2231,36.83
2019-06-24 13:01:10 UTC,2232,36.66
2019-06-24 14:01:10 UTC,2233,36.36
2019-06-24 15:01:05 UTC,2234,36.5
2019-06-24 16:01:05 UTC,2235,36.55
2019-06-24 17:01:05 UTC,2236,36.39
2019-06-24 18:01:09 UTC,2237,35.96
2019-06-24 19:01:05 UTC,2238,36.13
2019-06-24 20:01:06 UTC,2239,35.51
2019-06-24 21:01:10 UTC,2240,35.64
2019-06-24 22:01:10 UTC,2241,36.11
2019-06-24 23:01:10 UTC,2242,36.02
2019-06-25 00:01:10 UTC,2243,35.87
2019-06-25 01:01:10 UTC,2244,36.01
2019-06-25 02:01:06 UTC,2245,36.04
2019-06-25 03:01:05 UTC,2246,36.08
2019-06-25 04:01:09 UTC,2247,35.86
2019-06-25 05:01:10 UTC,2248,35.67
2019-06-25 06:01:04 UTC,2249,35.64
2019-06-25 07:01:04 UTC,2250,35.8
2019-06-25 08:01:10 UTC,2251,35.77
2019-06-25 09:01:05 UTC,2252,36.0
2019-06-25 10:01:07 UTC,2253,35.95
2019-06-25 11:01:10 UTC,2254,36.22
2019-06-25 12:01:10 UTC,2255,35.79
2019-06-25 13:01:10 UTC,2256,36.31
2019-06-25 14:01:10 UTC,2257,36.16
2019-06-25 15:01:10 UTC,2258,35.96
2019-06-25 16:01:10 UTC,2259,35.94
2019-06-25 17:01:10 UTC,2260,35.89
2019-06-25 18:01:09 UTC,2261,35.83
2019-06-25 19:01:04 UTC,2262,35.33
2019-06-25 20:01:09 UTC,2263,35.21
2019-06-25 21:01:06 UTC,2264,35.11
2019-06-25 22:01:10 UTC,2265,35.25
2019-06-25 23:01:10 UTC,2266,35.04
2019-06-26 00:01:06 UTC,2267,35.02
2019-06-26 01:01:05 UTC,2268,35.22
2019-06-26 02:01:09 UTC,2269,35.09
2019-06-26 03:01:09 UTC,2270,34.92
2019-06-26 04:01:09 UTC,2271,35.02
2019-06-26 05:01:10 UTC,2272,35.1
2019-06-26 06:01:10 UTC,2273,34.69
2019-06-26 07:01:09 UTC,2274,34.87
2019-06-26 08:01:09 UTC,2275,35.2
2019-06-26 09:01:09 UTC,2276,35.69
2019-06-26 10:01:10 UTC,2277,34.9
2019-06-26 11:01:11 UTC,2278,34.95
2019-06-26 12:01:09 UTC,2279,34.76
2019-06-26 13:01:04 UTC,2280,34.76
2019-06-26 14:01:09 UTC,2281,34.78
2019-06-26 15:01:05 UTC,2282,34.64
2019-06-26 16:01:11 UTC,2283,34.19
2019-06-26 19:01:09 UTC,2284,34.13
2019-06-26 20:01:05 UTC,2285,33.95
2019-06-26 21:01:10 UTC,2286,33.78
2019-06-26 22:01:10 UTC,2287,33.76
2019-06-26 23:01:04 UTC,2288,33.73
2019-06-27 00:01:05 UTC,2289,33.64
2019-06-27 01:01:10 UTC,2290,33.68
2019-06-27 02:01:10 UTC,2291,33.69
2019-06-27 03:01:11 UTC,2292,33.72
2019-06-27 04:01:05 UTC,2293,33.5
2019-06-27 05:01:05 UTC,2294,33.56
2019-06-27 06:01:04 UTC,2295,33.23
2019-06-27 07:01:09 UTC,2296,33.42
2019-06-27 08:01:05 UTC,2297,33.57
2019-06-27 09:01:10 UTC,2298,33.49
2019-06-27 10:01:05 UTC,2299,33.54
2019-06-27 11:01:05 UTC,2300,34.23
2019-06-27 12:01:05 UTC,2301,33.41
2019-06-27 13:01:04 UTC,2302,33.36
2019-06-27 14:01:05 UTC,2303,33.52
2019-06-27 15:01:06 UTC,2304,32.96
2019-06-27 16:01:04 UTC,2305,33.18
2019-06-27 17:01:04 UTC,2306,32.94
2019-06-27 18:01:10 UTC,2307,32.9
2019-06-27 19:01:12 UTC,2308,32.71
2019-06-27 20:01:10 UTC,2309,32.66
2019-06-27 21:01:05 UTC,2310,32.33
2019-06-27 22:01:05 UTC,2311,32.14
2019-06-27 23:01:10 UTC,2312,32.37
2019-06-28 00:01:05 UTC,2313,32.41
2019-06-28 01:01:10 UTC,2314,32.28
2019-06-28 02:01:05 UTC,2315,32.45
2019-06-28 03:01:10 UTC,2316,32.36
2019-06-28 04:01:06 UTC,2317,32.36
2019-06-28 05:01:05 UTC,2318,32.31
2019-06-28 06:01:04 UTC,2319,32.49
2019-06-28 07:01:04 UTC,2320,31.95
2019-06-28 08:01:09 UTC,2321,31.98
2019-06-28 09:01:05 UTC,2322,32.1
2019-06-28 10:01:10 UTC,2323,32.01
2019-06-28 11:01:05 UTC,2324,32.34
2019-06-28 12:01:04 UTC,2325,32.7
2019-06-28 13:01:10 UTC,2326,32.45
2019-06-28 14:01:09 UTC,2327,32.46
2019-06-28 15:01:05 UTC,2328,32.22
2019-06-28 16:01:05 UTC,2329,32.24
2019-06-28 17:01:09 UTC,2330,31.9
2019-06-28 18:01:09 UTC,2331,32.02
2019-06-28 19:01:09 UTC,2332,32.08
2019-06-28 20:01:09 UTC,2333,31.92
2019-06-28 21:01:09 UTC,2334,31.69
2019-06-28 22:01:09 UTC,2335,31.72
2019-06-28 23:01:11 UTC,2336,31.59
2019-06-29 00:01:10 UTC,2337,31.68
2019-06-29 01:01:05 UTC,2338,31.78
2019-06-29 02:01:05 UTC,2339,31.5
2019-06-29 03:01:10 UTC,2340,31.64
2019-06-29 04:01:10 UTC,2341,31.53
2019-06-29 05:01:10 UTC,2342,31.31
2019-06-29 06:01:06 UTC,2343,31.53
2019-06-29 07:01:05 UTC,2344,31.75
2019-06-29 08:01:05 UTC,2345,31.6
2019-06-29 09:01:09 UTC,2346,31.59
2019-06-29 10:01:07 UTC,2347,31.38
2019-06-29 11:01:05 UTC,2348,31.41
2019-06-29 12:01:05 UTC,2349,31.92
2019-06-29 13:01:10 UTC,2350,31.79
2019-06-29 14:01:09 UTC,2351,31.7
2019-06-29 15:01:04 UTC,2352,30.98
2019-06-29 16:01:09 UTC,2353,31.46
2019-06-29 17:01:09 UTC,2354,31.44
2019-06-29 18:01:09 UTC,2355,31.15
2019-06-29 19:01:10 UTC,2356,31.15
2019-06-29 20:01:10 UTC,2357,31.05
2019-06-29 21:01:05 UTC,2358,31.04
2019-06-29 22:01:10 UTC,2359,30.86
2019-06-29 23:01:10 UTC,2360,30.74
2019-06-30 00:01:10 UTC,2361,30.85
2019-06-30 01:01:06 UTC,2362,30.68
2019-06-30 02:01:05 UTC,2363,30.9
2019-06-30 03:01:10 UTC,2364,30.68
2019-06-30 04:01:05 UTC,2365,30.45
2019-06-30 05:01:04 UTC,2366,30.82
2019-06-30 06:01:04 UTC,2367,30.61
2019-06-30 07:01:10 UTC,2368,30.65
2019-06-30 08:01:05 UTC,2369,30.87
2019-06-30 09:01:12 UTC,2370,31.12
2019-06-30 10:01:04 UTC,2371,30.69
2019-06-30 11:01:05 UTC,2372,30.64
2019-06-30 12:01:04 UTC,2373,30.5
2019-06-30 13:01:09 UTC,2374,30.34
2019-06-30 14:01:04 UTC,2375,30.15
2019-06-30 15:01:25 UTC,2376,29.26
2019-06-30 16:01:05 UTC,2377,29.3
2019-06-30 17:01:05 UTC,2378,28.93
2019-06-30 18:01:05 UTC,2379,29.14
2019-06-30 19:01:10 UTC,2380,28.67
2019-06-30 20:01:10 UTC,2381,28.58
2019-06-30 21:01:05 UTC,2382,28.69
2019-06-30 22:01:10 UTC,2383,28.76
2019-06-30 23:01:07 UTC,2384,29.07
2019-07-01 00:01:04 UTC,2385,28.8
2019-07-01 01:01:09 UTC,2386,28.57
2019-07-01 02:01:09 UTC,2387,28.72
2019-07-01 03:01:10 UTC,2388,28.79
2019-07-01 04:01:10 UTC,2389,28.34
2019-07-01 05:01:10 UTC,2390,28.8
2019-07-01 06:01:06 UTC,2391,28.33
2019-07-01 07:01:05 UTC,2392,28.03
2019-07-01 08:01:07 UTC,2393,28.61
2019-07-01 09:01:05 UTC,2394,28.39
2019-07-01 10:01:06 UTC,2395,28.39
2019-07-01 11:01:11 UTC,2396,28.68
2019-07-01 12:01:04 UTC,2397,28.73
2019-07-01 13:01:07 UTC,2398,29.01
2019-07-01 14:01:05 UTC,2399,28.41
2019-07-01 15:01:09 UTC,2400,28.47
2019-07-01 16:01:05 UTC,2401,28.51
2019-07-01 17:01:10 UTC,2402,28.34
2019-07-01 18:01:09 UTC,2403,28.18
2019-07-01 19:01:10 UTC,2404,28.09
2019-07-01 20:01:04 UTC,2405,28.03
2019-07-01 21:01:05 UTC,2406,28.0
2019-07-01 22:01:10 UTC,2407,27.63
2019-07-01 23:01:09 UTC,2408,27.78
2019-07-02 00:01:09 UTC,2409,27.82
2019-07-02 01:01:09 UTC,2410,27.7
2019-07-02 02:01:05 UTC,2411,27.66
2019-07-02 03:01:05 UTC,2412,27.61
2019-07-02 04:01:06 UTC,2413,27.48
2019-07-02 05:01:05 UTC,2414,27.45
2019-07-02 06:01:05 UTC,2415,27.69
2019-07-02 07:01:09 UTC,2416,27.6
2019-07-02 08:01:04 UTC,2417,27.46
2019-07-02 09:01:09 UTC,2418,27.97
2019-07-02 10:01:04 UTC,2419,27.92
2019-07-02 11:01:10 UTC,2420,27.74
2019-07-02 12:01:07 UTC,2421,27.86
2019-07-02 13:01:08 UTC,2422,27.83
2019-07-02 14:01:10 UTC,2423,27.68
2019-07-02 15:01:10 UTC,2424,27.55
2019-07-02 16:01:05 UTC,2425,27.31
2019-07-02 17:01:10 UTC,2426,27.49
2019-07-02 18:01:05 UTC,2427,27.26
2019-07-02 19:01:10 UTC,2428,27.23
2019-07-02 20:01:10 UTC,2429,26.99
2019-07-02 21:01:09 UTC,2430,26.84
2019-07-02 22:01:05 UTC,2431,26.99
2019-07-02 23:01:09 UTC,2432,26.67
2019-07-03 00:01:05 UTC,2433,26.9
2019-07-03 01:01:10 UTC,2434,27.19
2019-07-03 02:01:10 UTC,2435,27.38
2019-07-03 03:01:11 UTC,2436,27.08
2019-07-03 04:01:09 UTC,2437,27.09
2019-07-03 05:01:10 UTC,2438,26.91
2019-07-03 06:01:06 UTC,2439,27.16
2019-07-03 07:01:09 UTC,2440,26.78
2019-07-03 08:01:04 UTC,2441,27.0
2019-07-03 09:01:09 UTC,2442,26.94
2019-07-03 10:01:10 UTC,2443,26.94
2019-07-03 11:01:10 UTC,2444,27.02
2019-07-03 12:01:10 UTC,2445,26.89
2019-07-03 13:01:05 UTC,2446,26.75
2019-07-03 14:01:09 UTC,2447,26.98
2019-07-03 15:01:09 UTC,2448,26.77
2019-07-03 16:01:10 UTC,2449,26.65
2019-07-03 17:01:05 UTC,2450,26.3
2019-07-03 18:01:09 UTC,2451,26.52
2019-07-03 19:01:09 UTC,2452,26.31
2019-07-03 20:01:05 UTC,2453,26.35
2019-07-03 21:01:05 UTC,2454,26.41
2019-07-03 22:01:10 UTC,2455,26.23
2019-07-03 23:01:10 UTC,2456,26.41
2019-07-04 00:01:10 UTC,2457,26.36
2019-07-04 01:01:10 UTC,2458,26.36
2019-07-04 02:01:09 UTC,2459,26.26
2019-07-04 03:01:04 UTC,2460,26.37
2019-07-04 04:01:05 UTC,2461,26.38
2019-07-04 05:01:09 UTC,2462,26.34
2019-07-04 06:01:05 UTC,2463,26.52
2019-07-04 07:01:08 UTC,2464,25.92
2019-07-04 08:01:05 UTC,2465,26.04
2019-07-04 09:01:04 UTC,2466,26.2
2019-07-04 10:01:10 UTC,2467,26.23
2019-07-04 11:01:10 UTC,2468,26.22
2019-07-04 12:01:10 UTC,2469,26.32
2019-07-04 13:01:05 UTC,2470,26.29
2019-07-04 14:01:09 UTC,2471,26.15
2019-07-04 15:01:10 UTC,2472,26.0
2019-07-04 16:01:10 UTC,2473,26.12
2019-07-04 17:01:10 UTC,2474,25.88
2019-07-04 18:01:10 UTC,2475,25.91
2019-07-04 19:01:10 UTC,2476,25.88
2019-07-04 20:01:10 UTC,2477,26.03
2019-07-04 21:01:05 UTC,2478,25.53
2019-07-04 22:01:09 UTC,2479,25.61
2019-07-04 23:01:09 UTC,2480,25.44
2019-07-05 00:01:04 UTC,2481,25.39
2019-07-05 01:01:05 UTC,2482,25.59
2019-07-05 02:01:05 UTC,2483,25.6
2019-07-05 03:01:10 UTC,2484,25.76
2019-07-05 04:01:05 UTC,2485,25.75
2019-07-05 05:01:11 UTC,2486,25.85
2019-07-05 06:01:05 UTC,2487,25.48
2019-07-05 07:01:04 UTC,2488,25.49
2019-07-05 08:01:05 UTC,2489,25.6
2019-07-05 09:01:10 UTC,2490,25.52
2019-07-05 10:01:06 UTC,2491,25.43
2019-07-05 11:01:05 UTC,2492,25.93
2019-07-05 12:01:09 UTC,2493,25.77
2019-07-05 13:01:04 UTC,2494,26.62
2019-07-05 14:01:04 UTC,2495,25.78
2019-07-05 15:01:09 UTC,2496,25.58
2019-07-05 16:01:09 UTC,2497,25.33
2019-07-05 17:01:09 UTC,2498,25.81
2019-07-05 18:01:09 UTC,2499,25.13
2019-07-05 19:01:05 UTC,2500,25.18
2019-07-05 20:01:10 UTC,2501,24.99
2019-07-05 21:01:10 UTC,2502,24.81
2019-07-05 22:01:10 UTC,2503,24.97
2019-07-05 23:01:06 UTC,2504,24.99
2019-07-06 00:01:10 UTC,2505,24.76
2019-07-06 01:01:04 UTC,2506,24.6
2019-07-06 02:01:05 UTC,2507,24.55
2019-07-06 03:01:10 UTC,2508,24.74
2019-07-06 04:01:07 UTC,2509,24.98
2019-07-06 05:01:05 UTC,2510,24.84
2019-07-06 06:01:10 UTC,2511,24.77
2019-07-06 07:01:05 UTC,2512,24.7
2019-07-06 08:01:10 UTC,2513,24.55
2019-07-06 09:01:10 UTC,2514,24.71
2019-07-06 10:01:05 UTC,2515,24.62
2019-07-06 11:01:04 UTC,2516,24.66
2019-07-06 12:01:10 UTC,2517,24.8
2019-07-06 13:01:10 UTC,2518,25.02
2019-07-06 14:01:10 UTC,2519,25.05
2019-07-06 15:01:05 UTC,2520,24.78
2019-07-06 16:01:09 UTC,2521,24.69
2019-07-06 17:01:05 UTC,2522,24.48
2019-07-06 18:01:09 UTC,2523,24.48
2019-07-06 19:01:10 UTC,2524,24.5
2019-07-06 20:01:10 UTC,2525,23.92
2019-07-06 21:01:05 UTC,2526,24.09
2019-07-06 22:01:06 UTC,2527,23.95
2019-07-06 23:01:10 UTC,2528,24.04
