created_at,entry_id,field1,field2,field3,field4,latitude,longitude,elevation,status
2019-02-09 00:11:16 UTC,1,6,72,1006,0,,,,
2019-02-09 01:00:16 UTC,2,6,75,1006,1,,,,
2019-02-09 02:00:17 UTC,3,5,86,1005,1,,,,
2019-02-09 03:00:16 UTC,4,6,86,1004,1,,,,
2019-02-09 04:00:14 UTC,5,6,84,1005,0,,,,
2019-02-09 05:00:14 UTC,6,5,83,1006,3,,,,
2019-02-09 06:00:12 UTC,7,5,86,1007,3,,,,
2019-02-09 07:00:12 UTC,8,6,80,1008,3,,,,
2019-02-09 08:00:12 UTC,9,6,78,1009,3,,,,
2019-02-09 09:00:11 UTC,10,6,82,1009,3,,,,
2019-02-09 10:00:12 UTC,11,7,77,1010,0,,,,
2019-02-09 11:00:12 UTC,12,7,73,1010,0,,,,
2019-02-09 12:00:11 UTC,13,8,73,1011,0,,,,
2019-02-09 13:00:12 UTC,14,8,73,1011,0,,,,
2019-02-09 14:00:11 UTC,15,9,64,1011,3,,,,
2019-02-09 15:00:12 UTC,16,8,63,1011,1,,,,
2019-02-09 16:00:13 UTC,17,9,64,1011,3,,,,
2019-02-09 17:00:12 UTC,18,8,66,1011,0,,,,
2019-02-09 18:00:11 UTC,19,8,71,1012,0,,,,
2019-02-09 19:00:11 UTC,20,7,77,1012,3,,,,
2019-02-09 20:00:11 UTC,21,7,77,1012,0,,,,
2019-02-09 21:00:11 UTC,22,6,80,1011,0,,,,
2019-02-09 22:00:11 UTC,23,7,77,1011,1,,,,
2019-02-09 23:00:14 UTC,24,7,76,1011,1,,,,
2019-02-10 00:00:12 UTC,25,6,76,1009,1,,,,
2019-02-10 01:00:14 UTC,26,7,75,1009,1,,,,
2019-02-10 02:00:19 UTC,27,6,75,1007,1,,,,
2019-02-10 03:00:16 UTC,28,6,77,1005,0,,,,
2019-02-10 04:00:20 UTC,29,6,89,1004,0,,,,
2019-02-10 05:00:21 UTC,30,7,89,1002,3,,,,
2019-02-10 06:00:14 UTC,31,7,89,1000,0,,,,
2019-02-10 07:00:16 UTC,32,7,87,999,0,,,,
2019-02-10 08:00:12 UTC,33,7,85,997,0,,,,
2019-02-10 09:00:12 UTC,34,7,87,996,0,,,,
2019-02-10 10:00:11 UTC,35,8,85,995,0,,,,
2019-02-10 11:00:11 UTC,36,8,85,995,0,,,,
2019-02-10 12:00:11 UTC,37,8,89,995,3,,,,
2019-02-10 13:00:11 UTC,38,8,92,994,0,,,,
2019-02-10 14:00:12 UTC,39,7,87,995,0,,,,
2019-02-10 15:00:11 UTC,40,6,86,995,0,,,,
2019-02-10 16:00:12 UTC,41,6,86,995,0,,,,
2019-02-10 17:00:12 UTC,42,5,88,997,3,,,,
2019-02-10 18:00:15 UTC,43,5,86,998,0,,,,
2019-02-10 19:00:12 UTC,44,5,88,999,0,,,,
2019-02-10 20:00:13 UTC,45,4,85,1001,0,,,,
2019-02-10 21:00:11 UTC,46,4,85,1003,0,,,,
2019-02-10 22:00:11 UTC,47,4,87,1005,0,,,,
2019-02-10 23:00:15 UTC,48,3,86,1006,3,,,,
2019-02-11 00:00:16 UTC,49,3,84,1007,3,,,,
2019-02-11 01:00:13 UTC,50,3,84,1008,0,,,,
2019-02-11 02:00:18 UTC,51,3,81,1009,0,,,,
2019-02-11 03:00:20 UTC,52,3,79,1010,3,,,,
2019-02-11 04:00:18 UTC,53,3,78,1011,0,,,,
2019-02-11 05:00:17 UTC,54,3,79,1013,3,,,,
2019-02-11 06:00:13 UTC,55,2,78,1013,0,,,,
2019-02-11 07:00:12 UTC,56,2,78,1014,0,,,,
2019-02-11 08:00:11 UTC,57,2,82,1016,0,,,,
2019-02-11 09:00:11 UTC,58,2,81,1017,0,,,,
2019-02-11 10:00:11 UTC,59,3,81,1018,0,,,,
2019-02-11 11:00:12 UTC,60,3,79,1019,0,,,,
2019-02-11 12:00:11 UTC,61,4,81,1020,0,,,,
2019-02-11 13:00:12 UTC,62,4,76,1021,0,,,,
2019-02-11 14:00:12 UTC,63,5,79,1022,3,,,,
2019-02-11 15:00:14 UTC,64,5,68,1022,3,,,,
2019-02-11 16:00:11 UTC,65,6,65,1023,0,,,,
2019-02-11 17:00:13 UTC,66,6,64,1024,0,,,,
2019-02-11 18:00:12 UTC,67,5,72,1026,0,,,,
2019-02-11 19:00:11 UTC,68,4,72,1027,0,,,,
2019-02-11 20:00:11 UTC,69,4,76,1028,0,,,,
2019-02-11 21:00:12 UTC,70,3,82,1028,0,,,,
2019-02-11 22:00:12 UTC,71,2,85,1029,0,,,,
2019-02-11 23:00:16 UTC,72,2,87,1030,0,,,,
2019-02-12 00:00:15 UTC,73,1,89,1030,0,,,,
2019-02-12 01:00:14 UTC,74,1,89,1031,0,,,,
2019-02-12 02:00:16 UTC,75,0,92,1032,0,,,,
2019-02-12 03:00:16 UTC,76,0,96,1032,0,,,,
2019-02-12 04:00:17 UTC,77,0,95,1032,0,,,,
2019-02-12 05:00:14 UTC,78,0,96,1032,0,,,,
2019-02-12 06:00:18 UTC,79,0,96,1032,0,,,,
2019-02-12 07:00:18 UTC,80,-1,96,1033,0,,,,
2019-02-12 08:00:12 UTC,81,-2,97,1033,0,,,,
2019-02-12 09:00:11 UTC,82,-1,97,1034,0,,,,
2019-02-12 10:00:11 UTC,83,0,96,1034,0,,,,
2019-02-12 11:00:12 UTC,84,1,88,1035,0,,,,
2019-02-12 12:00:11 UTC,85,1,86,1035,0,,,,
2019-02-12 13:00:11 UTC,86,2,84,1035,0,,,,
2019-02-12 14:00:12 UTC,87,3,79,1035,0,,,,
2019-02-12 15:00:11 UTC,88,4,74,1035,0,,,,
2019-02-12 16:00:11 UTC,89,5,68,1035,0,,,,
2019-02-12 17:00:12 UTC,90,4,71,1035,0,,,,
2019-02-12 18:00:13 UTC,91,2,80,1035,0,,,,
2019-02-12 19:00:11 UTC,92,2,85,1035,0,,,,
2019-02-12 20:00:11 UTC,93,1,91,1036,0,,,,
2019-02-12 21:00:10 UTC,94,0,94,1036,0,,,,
2019-02-12 22:00:11 UTC,95,0,96,1036,0,,,,
2019-02-12 23:00:16 UTC,96,0,97,1036,0,,,,
2019-02-13 00:00:18 UTC,97,0,97,1036,0,,,,
2019-02-13 01:00:20 UTC,98,-1,96,1036,0,,,,
2019-02-13 02:00:15 UTC,99,-1,97,1036,0,,,,
2019-02-13 03:00:14 UTC,100,-1,96,1036,0,,,,
2019-02-13 04:00:14 UTC,101,0,97,1036,0,,,,
2019-02-13 05:00:27 UTC,102,0,98,1036,0,,,,
2019-02-13 06:00:14 UTC,103,-1,99,1035,0,,,,
2019-02-13 07:00:16 UTC,104,-1,99,1036,0,,,,
2019-02-13 08:00:11 UTC,105,-1,98,1036,0,,,,
2019-02-13 09:00:12 UTC,106,-1,98,1036,0,,,,
2019-02-13 10:00:11 UTC,107,-1,98,1036,0,,,,
2019-02-13 11:00:11 UTC,108,0,99,1036,0,,,,
2019-02-13 12:00:12 UTC,109,0,96,1036,0,,,,
2019-02-13 13:00:11 UTC,110,0,93,1036,0,,,,
2019-02-13 14:00:12 UTC,111,2,82,1036,0,,,,
2019-02-13 15:00:11 UTC,112,3,76,1035,0,,,,
2019-02-13 16:00:11 UTC,113,4,74,1035,0,,,,
2019-02-13 17:00:11 UTC,114,4,76,1035,0,,,,
2019-02-13 18:00:11 UTC,115,3,82,1035,0,,,,
2019-02-13 19:00:11 UTC,116,2,86,1035,0,,,,
2019-02-13 20:00:12 UTC,117,1,89,1035,0,,,,
2019-02-13 21:00:12 UTC,118,0,92,1035,0,,,,
2019-02-13 22:00:10 UTC,119,0,94,1035,0,,,,
2019-02-13 23:00:12 UTC,120,0,95,1035,0,,,,
2019-02-14 00:00:15 UTC,121,0,96,1035,0,,,,
2019-02-14 01:00:16 UTC,122,-1,97,1035,0,,,,
2019-02-14 02:00:13 UTC,123,-1,97,1035,0,,,,
2019-02-14 03:00:16 UTC,124,-2,97,1035,0,,,,
2019-02-14 04:00:16 UTC,125,-3,97,1034,0,,,,
2019-02-14 05:00:15 UTC,126,-2,96,1034,0,,,,
2019-02-14 06:00:17 UTC,127,-2,96,1034,0,,,,
2019-02-14 07:00:17 UTC,128,0,77,1038,0,,,,
2019-02-14 08:00:14 UTC,129,-3,95,1038,0,,,,
2019-02-14 09:00:12 UTC,130,-3,96,1036,0,,,,
2019-02-14 10:00:13 UTC,131,-2,95,1036,0,,,,
2019-02-14 11:00:12 UTC,132,-1,96,1036,0,,,,
2019-02-14 12:00:11 UTC,133,0,91,1036,0,,,,
2019-02-14 13:00:12 UTC,134,3,78,1035,0,,,,
2019-02-14 14:00:12 UTC,135,5,70,1035,0,,,,
2019-02-14 15:00:12 UTC,136,9,52,1034,0,,,,
2019-02-14 16:00:12 UTC,137,10,49,1034,0,,,,
2019-02-14 17:00:17 UTC,138,10,48,1033,0,,,,
2019-02-14 18:00:11 UTC,139,8,54,1034,0,,,,
2019-02-14 19:00:11 UTC,140,6,65,1033,0,,,,
2019-02-14 20:00:12 UTC,141,4,72,1033,0,,,,
2019-02-14 21:00:12 UTC,142,4,73,1033,0,,,,
2019-02-14 22:00:12 UTC,143,3,75,1033,0,,,,
2019-02-14 23:00:15 UTC,144,3,76,1033,0,,,,
2019-02-15 00:00:16 UTC,145,2,86,1033,0,,,,
2019-02-15 01:00:17 UTC,146,1,87,1033,0,,,,
2019-02-15 02:00:18 UTC,147,0,90,1033,0,,,,
2019-02-15 03:00:14 UTC,148,0,88,1032,0,,,,
2019-02-15 04:00:15 UTC,149,0,90,1032,0,,,,
2019-02-15 05:00:15 UTC,150,0,91,1032,0,,,,
2019-02-15 06:00:14 UTC,151,-1,90,1032,0,,,,
2019-02-15 07:00:23 UTC,152,-2,92,1032,0,,,,
2019-02-15 08:00:12 UTC,153,-1,93,1032,0,,,,
2019-02-15 09:00:11 UTC,154,0,87,1032,0,,,,
2019-02-15 10:00:12 UTC,155,1,76,1032,0,,,,
2019-02-15 11:00:12 UTC,156,4,66,1032,0,,,,
2019-02-15 12:00:11 UTC,157,8,57,1032,0,,,,
2019-02-15 14:00:12 UTC,158,12,47,1030,0,,,,
2019-02-15 15:00:12 UTC,159,14,38,1030,0,,,,
2019-02-15 16:00:12 UTC,160,15,35,1029,0,,,,
2019-02-15 17:00:12 UTC,161,15,34,1029,0,,,,
2019-02-15 18:00:11 UTC,162,12,44,1029,0,,,,
2019-02-15 19:00:11 UTC,163,9,58,1029,0,,,,
2019-02-15 20:00:12 UTC,164,8,60,1028,0,,,,
2019-02-15 21:00:12 UTC,165,6,69,1028,0,,,,
2019-02-15 22:00:12 UTC,166,5,71,1028,0,,,,
2019-02-15 23:00:16 UTC,167,4,75,1028,0,,,,
2019-02-16 00:00:20 UTC,168,3,84,1028,0,,,,
2019-02-16 01:00:13 UTC,169,2,85,1028,0,,,,
2019-02-16 02:00:14 UTC,170,1,90,1028,0,,,,
2019-02-16 03:00:15 UTC,171,0,92,1027,0,,,,
2019-02-16 04:00:14 UTC,172,0,94,1027,0,,,,
2019-02-16 05:00:20 UTC,173,0,96,1027,0,,,,
2019-02-16 06:00:16 UTC,174,-1,96,1027,0,,,,
2019-02-16 07:00:17 UTC,175,-1,96,1027,0,,,,
2019-02-16 08:00:12 UTC,176,-1,96,1027,0,,,,
2019-02-16 09:00:12 UTC,177,0,94,1028,0,,,,
2019-02-16 10:00:11 UTC,178,2,82,1027,0,,,,
2019-02-16 11:00:12 UTC,179,3,79,1028,0,,,,
2019-02-16 12:00:12 UTC,180,6,66,1028,0,,,,
2019-02-16 13:00:11 UTC,181,9,57,1027,0,,,,
2019-02-16 14:00:11 UTC,182,12,49,1027,0,,,,
2019-02-16 15:00:11 UTC,183,13,44,1027,0,,,,
2019-02-16 16:00:12 UTC,184,14,44,1026,0,,,,
2019-02-16 17:00:11 UTC,185,13,45,1026,0,,,,
2019-02-16 18:00:11 UTC,186,11,52,1026,0,,,,
2019-02-16 19:00:09 UTC,187,8,67,1026,0,,,,
2019-02-16 20:00:11 UTC,188,8,67,1026,0,,,,
2019-02-16 21:00:11 UTC,189,5,74,1026,0,,,,
2019-02-16 22:00:11 UTC,190,6,78,1025,0,,,,
2019-02-16 23:00:14 UTC,191,4,83,1025,0,,,,
2019-02-17 00:00:14 UTC,192,3,89,1025,0,,,,
2019-02-17 01:00:13 UTC,193,2,92,1025,0,,,,
2019-02-17 02:00:13 UTC,194,1,94,1024,0,,,,
2019-02-17 03:00:14 UTC,195,0,95,1024,0,,,,
2019-02-17 04:00:13 UTC,196,0,96,1024,0,,,,
2019-02-17 05:00:18 UTC,197,0,97,1024,0,,,,
2019-02-17 06:00:13 UTC,198,0,97,1023,0,,,,
2019-02-17 07:00:16 UTC,199,-1,97,1023,0,,,,
2019-02-17 08:00:21 UTC,200,-1,97,1023,0,,,,
2019-02-17 09:00:12 UTC,201,-1,97,1023,0,,,,
2019-02-17 10:00:11 UTC,202,0,97,1023,0,,,,
2019-02-17 11:00:11 UTC,203,2,92,1023,0,,,,
2019-02-17 12:00:12 UTC,204,6,70,1023,0,,,,
2019-02-17 13:00:12 UTC,205,9,57,1023,0,,,,
2019-02-17 14:00:12 UTC,206,13,44,1022,0,,,,
2019-02-17 15:00:12 UTC,207,14,37,1022,0,,,,
2019-02-17 16:00:13 UTC,208,15,36,1021,0,,,,
2019-02-17 17:00:13 UTC,209,15,35,1021,0,,,,
2019-02-17 18:00:11 UTC,210,12,40,1021,0,,,,
2019-02-17 19:00:11 UTC,211,10,50,1021,0,,,,
2019-02-17 20:00:11 UTC,212,10,48,1021,0,,,,
2019-02-17 21:00:12 UTC,213,7,56,1021,0,,,,
2019-02-17 22:00:11 UTC,214,6,62,1021,0,,,,
2019-02-17 23:00:15 UTC,215,5,67,1021,0,,,,
2019-02-18 00:00:19 UTC,216,4,73,1021,0,,,,
2019-02-18 01:00:15 UTC,217,3,77,1021,0,,,,
2019-02-18 02:00:17 UTC,218,2,81,1021,0,,,,
2019-02-18 03:00:23 UTC,219,1,85,1021,0,,,,
2019-02-18 04:00:17 UTC,220,0,87,1020,0,,,,
2019-02-18 05:00:17 UTC,221,0,91,1020,0,,,,
2019-02-18 06:00:18 UTC,222,0,93,1020,0,,,,
2019-02-18 07:00:13 UTC,223,0,94,1020,0,,,,
2019-02-18 08:00:16 UTC,224,-1,95,1020,0,,,,
2019-02-18 09:00:12 UTC,225,0,88,1020,0,,,,
2019-02-18 10:00:11 UTC,226,3,78,1020,0,,,,
2019-02-18 11:00:12 UTC,227,6,67,1020,0,,,,
2019-02-18 12:00:12 UTC,228,9,54,1019,0,,,,
2019-02-18 13:00:13 UTC,229,12,45,1019,0,,,,
2019-02-18 14:00:11 UTC,230,13,45,1018,0,,,,
2019-02-18 15:00:12 UTC,231,13,42,1018,0,,,,
2019-02-18 16:00:11 UTC,232,14,40,1017,0,,,,
2019-02-18 17:00:12 UTC,233,13,41,1017,0,,,,
2019-02-18 18:00:12 UTC,234,10,49,1017,0,,,,
2019-02-18 19:00:11 UTC,235,9,55,1017,0,,,,
2019-02-18 20:00:11 UTC,236,8,55,1018,0,,,,
2019-02-18 21:00:11 UTC,237,7,62,1018,0,,,,
2019-02-18 22:00:11 UTC,238,6,67,1018,0,,,,
2019-02-18 23:00:15 UTC,239,6,67,1018,0,,,,
2019-02-19 00:00:12 UTC,240,6,70,1018,0,,,,
2019-02-19 01:00:18 UTC,241,5,74,1018,0,,,,
2019-02-19 02:00:13 UTC,242,5,74,1018,0,,,,
2019-02-19 03:00:13 UTC,243,4,75,1018,0,,,,
2019-02-19 04:00:17 UTC,244,5,74,1018,0,,,,
2019-02-19 05:00:12 UTC,245,5,74,1018,0,,,,
2019-02-19 06:00:16 UTC,246,4,76,1018,0,,,,
2019-02-19 07:00:20 UTC,247,5,77,1019,0,,,,
2019-02-19 08:00:14 UTC,248,3,89,1019,0,,,,
2019-02-19 09:00:12 UTC,249,3,95,1020,0,,,,
2019-02-19 10:00:12 UTC,250,4,93,1021,3,,,,
2019-02-19 11:00:12 UTC,251,6,89,1021,0,,,,
2019-02-19 12:00:11 UTC,252,6,86,1021,0,,,,
2019-02-19 13:00:11 UTC,253,9,76,1021,0,,,,
2019-02-19 14:00:13 UTC,254,8,68,1021,0,,,,
2019-02-19 15:00:13 UTC,255,9,64,1021,0,,,,
2019-02-19 17:00:12 UTC,256,9,57,1021,0,,,,
2019-02-19 18:00:11 UTC,257,7,64,1021,0,,,,
2019-02-19 19:00:11 UTC,258,6,71,1021,0,,,,
2019-02-19 20:00:11 UTC,259,5,76,1022,0,,,,
2019-02-19 21:00:11 UTC,260,5,78,1022,0,,,,
2019-02-19 22:00:11 UTC,261,4,80,1022,0,,,,
2019-02-19 23:00:15 UTC,262,3,86,1022,0,,,,
2019-02-20 00:00:13 UTC,263,2,91,1022,0,,,,
2019-02-20 01:00:14 UTC,264,1,94,1022,0,,,,
2019-02-20 02:00:15 UTC,265,1,95,1022,0,,,,
2019-02-20 03:00:25 UTC,266,0,96,1022,0,,,,
2019-02-20 04:00:18 UTC,267,0,97,1022,0,,,,
2019-02-20 05:00:19 UTC,268,0,99,1022,0,,,,
2019-02-20 06:00:17 UTC,269,0,99,1022,0,,,,
2019-02-20 07:00:16 UTC,270,0,99,1022,0,,,,
2019-02-20 08:00:18 UTC,271,-1,99,1023,0,,,,
2019-02-20 09:00:13 UTC,272,0,99,1023,0,,,,
2019-02-20 10:00:12 UTC,273,0,98,1024,0,,,,
2019-02-20 11:00:12 UTC,274,1,96,1024,0,,,,
2019-02-20 12:00:10 UTC,275,2,92,1024,0,,,,
2019-02-20 13:00:12 UTC,276,5,78,1024,0,,,,
2019-02-20 14:00:11 UTC,277,9,69,1024,0,,,,
2019-02-20 15:00:12 UTC,278,11,61,1024,0,,,,
2019-02-20 16:00:13 UTC,279,10,59,1024,0,,,,
2019-02-20 17:00:12 UTC,280,10,62,1024,0,,,,
2019-02-20 18:00:12 UTC,281,8,67,1024,0,,,,
2019-02-20 19:00:09 UTC,282,7,72,1025,0,,,,
2019-02-20 20:00:11 UTC,283,6,77,1025,0,,,,
2019-02-20 21:00:12 UTC,284,5,81,1025,0,,,,
2019-02-20 22:00:11 UTC,285,5,86,1025,0,,,,
2019-02-20 23:00:16 UTC,286,3,88,1025,0,,,,
2019-02-21 00:00:14 UTC,287,3,93,1026,0,,,,
2019-02-21 01:00:19 UTC,288,4,90,1026,0,,,,
2019-02-21 02:00:14 UTC,289,3,90,1026,0,,,,
2019-02-21 03:00:18 UTC,290,4,88,1026,0,,,,
2019-02-21 04:00:14 UTC,291,3,93,1027,0,,,,
2019-02-21 05:00:15 UTC,292,2,94,1026,0,,,,
2019-02-21 06:00:17 UTC,293,3,92,1026,0,,,,
2019-02-21 07:00:12 UTC,294,3,93,1027,0,,,,
2019-02-21 08:00:14 UTC,295,2,92,1027,0,,,,
2019-02-21 09:00:11 UTC,296,4,89,1027,0,,,,
2019-02-21 10:00:11 UTC,297,4,86,1028,0,,,,
2019-02-21 11:00:12 UTC,298,6,82,1028,0,,,,
2019-02-21 12:00:11 UTC,299,8,72,1028,0,,,,
2019-02-21 13:00:11 UTC,300,10,66,1028,0,,,,
2019-02-21 14:00:11 UTC,301,11,65,1027,0,,,,
2019-02-21 15:00:12 UTC,302,12,60,1028,0,,,,
2019-02-21 16:00:12 UTC,303,14,59,1028,0,,,,
2019-02-21 17:00:11 UTC,304,13,61,1028,0,,,,
2019-02-21 18:00:11 UTC,305,12,60,1028,0,,,,
2019-02-21 19:00:11 UTC,306,10,68,1029,3,,,,
2019-02-21 20:00:11 UTC,307,9,74,1029,0,,,,
2019-02-21 21:00:11 UTC,308,10,74,1030,0,,,,
2019-02-21 22:00:11 UTC,309,9,76,1030,3,,,,
2019-02-21 23:00:13 UTC,310,9,79,1030,0,,,,
2019-02-22 00:00:16 UTC,311,8,81,1031,0,,,,
2019-02-22 01:00:19 UTC,312,8,82,1031,0,,,,
2019-02-22 02:00:17 UTC,313,8,85,1031,0,,,,
2019-02-22 03:00:14 UTC,314,7,86,1032,0,,,,
2019-02-22 04:00:21 UTC,315,8,85,1031,0,,,,
2019-02-22 05:00:14 UTC,316,8,85,1032,0,,,,
2019-02-22 06:00:17 UTC,317,7,88,1032,0,,,,
2019-02-22 07:00:19 UTC,318,7,87,1033,0,,,,
2019-02-22 08:00:16 UTC,319,7,88,1033,0,,,,
2019-02-22 09:00:11 UTC,320,8,88,1034,0,,,,
2019-02-22 10:00:12 UTC,321,8,86,1034,0,,,,
2019-02-22 11:00:12 UTC,322,9,86,1035,0,,,,
2019-02-22 12:00:12 UTC,323,9,84,1035,0,,,,
2019-02-22 13:00:12 UTC,324,10,81,1035,0,,,,
2019-02-22 14:00:11 UTC,325,11,76,1035,0,,,,
2019-02-22 15:00:13 UTC,326,12,65,1035,0,,,,
2019-02-22 16:00:11 UTC,327,11,64,1035,0,,,,
2019-02-22 17:00:13 UTC,328,11,62,1035,0,,,,
2019-02-22 18:00:11 UTC,329,10,65,1035,0,,,,
2019-02-22 19:00:12 UTC,330,9,72,1036,0,,,,
2019-02-22 20:00:12 UTC,331,9,73,1036,0,,,,
2019-02-22 21:00:13 UTC,332,9,72,1036,0,,,,
2019-02-22 22:00:11 UTC,333,8,71,1036,0,,,,
2019-02-22 23:00:15 UTC,334,7,74,1036,0,,,,
2019-02-23 00:00:17 UTC,335,5,84,1036,0,,,,
2019-02-23 01:00:13 UTC,336,5,84,1036,0,,,,
2019-02-23 02:00:12 UTC,337,4,88,1036,0,,,,
2019-02-23 03:00:13 UTC,338,5,85,1036,0,,,,
2019-02-23 04:00:12 UTC,339,4,85,1036,0,,,,
2019-02-23 05:00:12 UTC,340,3,88,1036,0,,,,
2019-02-23 06:00:13 UTC,341,3,93,1036,0,,,,
2019-02-23 07:00:13 UTC,342,3,92,1036,0,,,,
2019-02-23 08:00:14 UTC,343,3,87,1036,0,,,,
2019-02-23 09:00:12 UTC,344,3,86,1036,0,,,,
2019-02-23 10:00:17 UTC,345,5,74,1036,0,,,,
2019-02-23 11:00:15 UTC,346,6,67,1036,0,,,,
2019-02-23 12:00:13 UTC,347,8,62,1036,0,,,,
2019-02-23 13:00:20 UTC,348,9,57,1036,0,,,,
2019-02-23 14:00:16 UTC,349,10,47,1035,0,,,,
2019-02-23 15:00:15 UTC,350,11,42,1035,0,,,,
2019-02-23 16:00:21 UTC,351,12,38,1035,0,,,,
2019-02-23 17:00:15 UTC,352,9,38,1035,0,,,,
2019-02-23 18:00:12 UTC,353,8,47,1035,0,,,,
2019-02-23 19:00:13 UTC,354,6,54,1035,0,,,,
2019-02-23 20:00:11 UTC,355,5,55,1035,0,,,,
2019-02-23 21:00:11 UTC,356,4,55,1036,0,,,,
2019-02-23 22:00:11 UTC,357,3,55,1035,0,,,,
2019-02-23 23:00:16 UTC,358,3,56,1035,0,,,,
2019-02-24 00:00:13 UTC,359,2,57,1035,0,,,,
2019-02-24 01:00:15 UTC,360,2,55,1035,0,,,,
2019-02-24 02:00:20 UTC,361,2,57,1035,0,,,,
2019-02-24 03:00:24 UTC,362,1,56,1035,0,,,,
2019-02-24 04:00:14 UTC,363,1,58,1035,0,,,,
2019-02-24 05:00:20 UTC,364,1,58,1035,0,,,,
2019-02-24 06:00:14 UTC,365,0,61,1035,0,,,,
2019-02-24 07:00:14 UTC,366,0,58,1035,0,,,,
2019-02-24 08:00:22 UTC,367,0,58,1035,0,,,,
2019-02-24 09:00:13 UTC,368,2,52,1036,0,,,,
2019-02-24 10:00:11 UTC,369,3,48,1036,0,,,,
2019-02-24 11:00:12 UTC,370,5,38,1037,0,,,,
2019-02-24 12:00:11 UTC,371,9,30,1037,0,,,,
2019-02-24 13:00:11 UTC,372,10,24,1036,0,,,,
2019-02-24 14:00:12 UTC,373,12,18,1036,0,,,,
2019-02-24 15:00:11 UTC,374,14,15,1036,0,,,,
2019-02-24 16:00:11 UTC,375,14,22,1036,0,,,,
2019-02-24 17:00:12 UTC,376,14,18,1035,0,,,,
2019-02-24 18:00:12 UTC,377,12,20,1036,0,,,,
2019-02-24 19:00:12 UTC,378,10,27,1036,0,,,,
2019-02-24 20:00:11 UTC,379,9,30,1036,0,,,,
2019-02-24 21:00:12 UTC,380,8,35,1037,0,,,,
2019-02-24 22:00:13 UTC,381,7,34,1037,0,,,,
2019-02-24 23:00:12 UTC,382,6,36,1036,0,,,,
2019-02-25 00:00:17 UTC,383,6,35,1036,0,,,,
2019-02-25 01:00:14 UTC,384,5,39,1037,0,,,,
2019-02-25 02:00:15 UTC,385,4,42,1036,0,,,,
2019-02-25 03:00:21 UTC,386,2,49,1036,0,,,,
2019-02-25 04:00:17 UTC,387,2,53,1036,0,,,,
2019-02-25 05:00:27 UTC,388,1,57,1036,0,,,,
2019-02-25 06:00:13 UTC,389,2,50,1036,0,,,,
2019-02-25 07:00:12 UTC,390,2,56,1036,0,,,,
2019-02-25 08:00:12 UTC,391,2,50,1036,0,,,,
2019-02-25 09:00:12 UTC,392,4,45,1036,0,,,,
2019-02-25 10:00:11 UTC,393,7,34,1037,0,,,,
2019-02-25 11:00:12 UTC,394,9,31,1037,0,,,,
2019-02-25 12:00:11 UTC,395,12,30,1036,0,,,,
2019-02-25 13:00:11 UTC,396,13,30,1036,0,,,,
2019-02-25 14:00:10 UTC,397,16,29,1036,0,,,,
2019-02-25 15:00:11 UTC,398,17,28,1035,0,,,,
2019-02-25 16:00:12 UTC,399,18,31,1035,0,,,,
2019-02-25 17:00:13 UTC,400,17,32,1035,0,,,,
2019-02-25 18:00:11 UTC,401,15,37,1035,0,,,,
2019-02-25 19:00:11 UTC,402,13,44,1035,0,,,,
2019-02-25 20:00:12 UTC,403,11,51,1035,0,,,,
2019-02-25 21:00:11 UTC,404,10,53,1035,0,,,,
2019-02-25 22:00:12 UTC,405,9,57,1035,0,,,,
2019-02-25 23:00:15 UTC,406,8,61,1035,0,,,,
2019-02-26 00:00:14 UTC,407,7,63,1035,0,,,,
2019-02-26 01:00:15 UTC,408,5,70,1035,0,,,,
2019-02-26 02:00:13 UTC,409,4,75,1035,0,,,,
2019-02-26 03:00:17 UTC,410,3,77,1034,0,,,,
2019-02-26 04:00:14 UTC,411,2,83,1034,0,,,,
2019-02-26 05:00:22 UTC,412,2,83,1034,0,,,,
2019-02-26 06:00:20 UTC,413,1,85,1034,0,,,,
2019-02-26 07:00:13 UTC,414,0,87,1034,0,,,,
2019-02-26 08:00:13 UTC,415,0,91,1034,0,,,,
2019-02-26 09:00:12 UTC,416,2,80,1035,0,,,,
2019-02-26 10:00:13 UTC,417,6,69,1034,0,,,,
2019-02-26 11:00:13 UTC,418,7,64,1034,0,,,,
2019-02-26 12:00:14 UTC,419,10,49,1034,0,,,,
2019-02-26 13:00:12 UTC,420,14,42,1034,0,,,,
2019-02-26 14:00:12 UTC,421,17,35,1033,0,,,,
2019-02-26 15:00:12 UTC,422,18,32,1032,0,,,,
2019-02-26 16:00:11 UTC,423,19,31,1032,0,,,,
2019-02-26 17:00:12 UTC,424,19,29,1032,0,,,,
2019-02-26 18:00:12 UTC,425,17,32,1032,0,,,,
2019-02-26 19:00:12 UTC,426,14,41,1032,0,,,,
2019-02-26 20:00:12 UTC,427,13,44,1031,0,,,,
2019-02-26 21:00:11 UTC,428,12,46,1031,0,,,,
2019-02-26 22:00:11 UTC,429,11,53,1031,0,,,,
2019-02-26 23:00:14 UTC,430,10,56,1031,0,,,,
2019-02-27 00:00:12 UTC,431,7,66,1031,0,,,,
2019-02-27 01:00:19 UTC,432,7,71,1031,0,,,,
2019-02-27 02:00:14 UTC,433,5,77,1030,0,,,,
2019-02-27 03:00:21 UTC,434,4,80,1030,0,,,,
2019-02-27 04:00:12 UTC,435,4,83,1029,0,,,,
2019-02-27 05:00:16 UTC,436,2,87,1029,0,,,,
2019-02-27 06:00:13 UTC,437,2,89,1029,0,,,,
2019-02-27 07:00:16 UTC,438,1,90,1028,0,,,,
2019-02-27 08:00:14 UTC,439,2,92,1029,0,,,,
2019-02-27 09:00:14 UTC,440,5,77,1028,0,,,,
2019-02-27 10:00:20 UTC,441,6,71,1028,0,,,,
2019-02-27 11:00:15 UTC,442,9,61,1028,0,,,,
2019-02-27 12:00:17 UTC,443,12,53,1027,0,,,,
2019-02-27 13:00:13 UTC,444,15,44,1026,0,,,,
2019-02-27 14:00:13 UTC,445,17,32,1025,0,,,,
2019-02-27 15:00:21 UTC,446,19,28,1025,0,,,,
2019-02-27 16:00:20 UTC,447,19,24,1024,0,,,,
2019-02-27 17:00:12 UTC,448,20,25,1023,0,,,,
2019-02-27 18:00:12 UTC,449,18,25,1023,0,,,,
2019-02-27 19:00:12 UTC,450,13,43,1023,0,,,,
2019-02-27 20:00:12 UTC,451,12,49,1022,0,,,,
2019-02-27 21:00:13 UTC,452,10,55,1022,0,,,,
2019-02-27 22:00:11 UTC,453,8,63,1021,0,,,,
2019-02-27 23:00:14 UTC,454,8,64,1021,0,,,,
2019-02-28 00:00:15 UTC,455,7,65,1021,0,,,,
2019-02-28 01:00:20 UTC,456,6,69,1021,0,,,,
2019-02-28 02:00:24 UTC,457,5,71,1020,0,,,,
2019-02-28 03:00:13 UTC,458,3,81,1019,0,,,,
2019-02-28 04:00:18 UTC,459,4,77,1019,0,,,,
2019-02-28 05:00:14 UTC,460,3,79,1019,0,,,,
2019-02-28 06:00:17 UTC,461,3,81,1019,0,,,,
2019-02-28 07:00:16 UTC,462,3,82,1019,0,,,,
2019-02-28 08:00:12 UTC,463,3,82,1019,0,,,,
2019-02-28 09:00:12 UTC,464,5,76,1019,0,,,,
2019-02-28 10:00:12 UTC,465,8,71,1019,0,,,,
2019-02-28 11:00:12 UTC,466,8,69,1019,0,,,,
2019-02-28 12:00:13 UTC,467,12,60,1019,0,,,,
2019-02-28 13:00:13 UTC,468,14,57,1019,0,,,,
2019-02-28 14:00:12 UTC,469,14,54,1019,0,,,,
2019-02-28 15:00:13 UTC,470,12,62,1019,0,,,,
2019-02-28 16:00:12 UTC,471,10,67,1019,0,,,,
2019-02-28 17:00:12 UTC,472,10,73,1019,3,,,,
2019-02-28 18:00:13 UTC,473,10,76,1018,0,,,,
2019-02-28 19:00:12 UTC,474,9,79,1018,3,,,,
2019-02-28 20:00:11 UTC,475,9,78,1017,0,,,,
2019-02-28 21:00:12 UTC,476,9,78,1017,3,,,,
2019-02-28 22:00:13 UTC,477,8,87,1016,0,,,,
2019-02-28 23:00:16 UTC,478,8,93,1016,0,,,,
2019-03-01 00:00:15 UTC,479,8,88,1016,0,,,,
2019-03-01 01:00:13 UTC,480,7,90,1016,0,,,,
2019-03-01 02:00:17 UTC,481,7,89,1015,1,,,,
2019-03-01 03:00:20 UTC,482,7,91,1014,1,,,,
2019-03-01 04:00:18 UTC,483,7,90,1013,0,,,,
2019-03-01 05:00:13 UTC,484,7,93,1013,0,,,,
2019-03-01 06:00:15 UTC,485,7,93,1012,0,,,,
2019-03-01 07:00:18 UTC,486,7,95,1012,0,,,,
2019-03-01 08:00:14 UTC,487,7,89,1013,0,,,,
2019-03-01 09:00:13 UTC,488,7,92,1013,0,,,,
2019-03-01 10:00:13 UTC,489,7,88,1014,3,,,,
2019-03-01 11:00:13 UTC,490,7,84,1015,0,,,,
2019-03-01 12:00:13 UTC,491,7,87,1015,0,,,,
2019-03-01 13:00:12 UTC,492,7,82,1016,0,,,,
2019-03-01 14:00:13 UTC,493,7,81,1016,0,,,,
2019-03-01 15:00:12 UTC,494,7,80,1016,0,,,,
2019-03-01 16:00:12 UTC,495,7,80,1017,0,,,,
2019-03-01 17:00:16 UTC,496,7,82,1017,0,,,,
2019-03-01 18:00:12 UTC,497,6,85,1018,0,,,,
2019-03-01 19:00:12 UTC,498,6,83,1019,0,,,,
2019-03-01 20:00:11 UTC,499,6,82,1019,0,,,,
2019-03-01 21:00:12 UTC,500,5,82,1019,0,,,,
2019-03-01 22:00:12 UTC,501,5,83,1019,0,,,,
2019-03-01 23:00:15 UTC,502,5,85,1019,0,,,,
2019-03-02 00:00:19 UTC,503,5,86,1019,0,,,,
2019-03-02 01:00:14 UTC,504,5,84,1019,0,,,,
2019-03-02 02:00:14 UTC,505,5,87,1018,0,,,,
2019-03-02 03:00:12 UTC,506,5,89,1018,0,,,,
2019-03-02 04:00:13 UTC,507,5,90,1017,0,,,,
2019-03-02 05:00:22 UTC,508,5,92,1017,0,,,,
2019-03-02 06:00:14 UTC,509,5,93,1017,3,,,,
2019-03-02 07:00:13 UTC,510,5,92,1016,0,,,,
2019-03-02 08:00:12 UTC,511,5,93,1016,0,,,,
2019-03-02 09:00:12 UTC,512,6,92,1016,0,,,,
2019-03-02 10:00:13 UTC,513,6,93,1016,0,,,,
2019-03-02 11:00:12 UTC,514,7,85,1016,0,,,,
2019-03-02 12:00:12 UTC,515,9,75,1016,0,,,,
2019-03-02 13:00:12 UTC,516,10,64,1015,0,,,,
2019-03-02 14:00:12 UTC,517,10,66,1015,0,,,,
2019-03-02 15:00:11 UTC,518,9,72,1015,0,,,,
2019-03-02 16:00:13 UTC,519,8,79,1015,0,,,,
2019-03-02 17:00:12 UTC,520,8,83,1015,0,,,,
2019-03-02 18:00:11 UTC,521,8,89,1015,0,,,,
2019-03-02 19:00:11 UTC,522,7,95,1016,0,,,,
2019-03-02 20:00:12 UTC,523,8,92,1016,0,,,,
2019-03-02 21:00:12 UTC,524,8,90,1016,0,,,,
2019-03-02 22:00:16 UTC,525,8,88,1016,0,,,,
2019-03-02 23:00:15 UTC,526,8,86,1016,0,,,,
2019-03-03 00:00:15 UTC,527,8,84,1015,0,,,,
2019-03-03 01:00:13 UTC,528,8,80,1015,0,,,,
2019-03-03 02:00:13 UTC,529,8,82,1015,0,,,,
2019-03-03 03:00:13 UTC,530,8,81,1014,0,,,,
2019-03-03 04:00:14 UTC,531,8,79,1014,0,,,,
2019-03-03 05:00:16 UTC,532,8,78,1013,1,,,,
2019-03-03 06:00:22 UTC,533,8,79,1013,1,,,,
2019-03-03 07:00:20 UTC,534,8,79,1013,0,,,,
2019-03-03 08:00:16 UTC,535,8,80,1013,0,,,,
2019-03-03 09:00:13 UTC,536,8,81,1013,0,,,,
2019-03-03 10:00:13 UTC,537,8,81,1013,0,,,,
2019-03-03 11:00:13 UTC,538,9,80,1013,0,,,,
2019-03-03 12:00:12 UTC,539,9,79,1012,0,,,,
2019-03-03 13:00:12 UTC,540,9,79,1011,0,,,,
2019-03-03 14:00:13 UTC,541,9,85,1011,0,,,,
2019-03-03 15:00:12 UTC,542,9,83,1010,0,,,,
2019-03-03 16:00:13 UTC,543,10,75,1009,0,,,,
2019-03-03 17:00:14 UTC,544,10,74,1008,3,,,,
2019-03-03 18:00:12 UTC,545,10,74,1007,0,,,,
2019-03-03 19:00:11 UTC,546,10,72,1007,0,,,,
2019-03-03 20:00:12 UTC,547,10,75,1007,0,,,,
2019-03-03 21:00:12 UTC,548,10,78,1006,3,,,,
2019-03-03 22:00:12 UTC,549,10,77,1005,0,,,,
2019-03-03 23:00:16 UTC,550,11,68,1004,0,,,,
2019-03-04 00:00:14 UTC,551,11,66,1002,0,,,,
2019-03-04 01:00:13 UTC,552,11,65,1003,1,,,,
2019-03-04 02:00:16 UTC,553,10,84,1002,0,,,,
2019-03-04 03:00:14 UTC,554,9,89,1000,0,,,,
2019-03-04 04:00:13 UTC,555,9,87,999,0,,,,
2019-03-04 05:00:16 UTC,556,9,85,997,3,,,,
2019-03-04 06:00:14 UTC,557,9,76,995,0,,,,
2019-03-04 07:00:13 UTC,558,9,76,995,3,,,,
2019-03-04 08:00:12 UTC,559,9,76,995,3,,,,
2019-03-04 09:00:13 UTC,560,8,77,996,3,,,,
2019-03-04 10:00:12 UTC,561,9,57,996,0,,,,
2019-03-04 11:00:12 UTC,562,9,61,996,3,,,,
2019-03-04 12:00:12 UTC,563,9,67,996,3,,,,
2019-03-04 13:00:12 UTC,564,7,82,996,3,,,,
2019-03-04 14:00:12 UTC,565,7,87,998,0,,,,
2019-03-04 15:00:13 UTC,566,4,83,1000,0,,,,
2019-03-04 16:00:14 UTC,567,5,78,1001,3,,,,
2019-03-04 17:00:13 UTC,568,5,78,1002,1,,,,
2019-03-04 18:00:12 UTC,569,5,79,1002,1,,,,
2019-03-04 19:00:12 UTC,570,5,82,1003,0,,,,
2019-03-04 20:00:12 UTC,571,5,82,1004,0,,,,
2019-03-04 21:00:12 UTC,572,5,82,1005,0,,,,
2019-03-04 22:00:11 UTC,573,4,91,1005,0,,,,
2019-03-04 23:00:17 UTC,574,5,84,1006,3,,,,
2019-03-05 00:00:17 UTC,575,5,82,1006,0,,,,
2019-03-05 01:00:13 UTC,576,4,81,1006,0,,,,
2019-03-05 02:00:19 UTC,577,4,82,1007,1,,,,
2019-03-05 03:00:15 UTC,578,4,82,1007,0,,,,
2019-03-05 04:00:20 UTC,579,4,80,1007,0,,,,
2019-03-05 05:00:14 UTC,580,4,80,1007,1,,,,
2019-03-05 06:00:18 UTC,581,4,80,1007,0,,,,
2019-03-05 07:00:18 UTC,582,4,79,1006,0,,,,
2019-03-05 08:00:14 UTC,583,4,78,1007,3,,,,
2019-03-05 09:00:12 UTC,584,4,89,1007,0,,,,
2019-03-05 10:00:12 UTC,585,3,92,1007,0,,,,
2019-03-05 11:00:12 UTC,586,4,93,1008,0,,,,
2019-03-05 12:00:13 UTC,587,4,90,1008,5,,,,
2019-03-05 13:00:12 UTC,588,5,85,1008,0,,,,
2019-03-05 14:00:12 UTC,589,6,89,1009,0,,,,
2019-03-05 15:00:12 UTC,590,6,82,1009,0,,,,
2019-03-05 16:00:13 UTC,591,6,75,1009,0,,,,
2019-03-05 17:00:12 UTC,592,6,77,1010,0,,,,
2019-03-05 18:00:12 UTC,593,6,79,1010,0,,,,
2019-03-05 19:00:16 UTC,594,6,84,1011,0,,,,
2019-03-05 20:00:11 UTC,595,5,86,1011,0,,,,
2019-03-05 21:00:11 UTC,596,6,86,1011,0,,,,
2019-03-05 22:00:12 UTC,597,6,88,1011,0,,,,
2019-03-05 23:00:18 UTC,598,6,90,1011,0,,,,
2019-03-06 00:00:16 UTC,599,6,91,1010,0,,,,
2019-03-06 01:00:20 UTC,600,6,93,1010,0,,,,
2019-03-06 02:00:14 UTC,601,6,93,1009,0,,,,
2019-03-06 03:00:14 UTC,602,6,90,1008,0,,,,
2019-03-06 04:00:14 UTC,603,6,91,1008,0,,,,
2019-03-06 05:00:16 UTC,604,6,82,1007,0,,,,
2019-03-06 06:00:16 UTC,605,6,76,1006,0,,,,
2019-03-06 07:00:17 UTC,606,6,73,1005,0,,,,
2019-03-06 08:00:12 UTC,607,7,67,1005,0,,,,
2019-03-06 09:00:13 UTC,608,8,65,1004,0,,,,
2019-03-06 10:00:13 UTC,609,9,55,1004,0,,,,
2019-03-06 11:00:13 UTC,610,10,54,1003,0,,,,
2019-03-06 12:00:11 UTC,611,11,55,1002,0,,,,
2019-03-06 13:00:12 UTC,612,12,53,1002,0,,,,
2019-03-06 14:00:13 UTC,613,13,50,1001,0,,,,
2019-03-06 15:00:13 UTC,614,12,55,1000,0,,,,
2019-03-06 16:00:11 UTC,615,12,59,1000,3,,,,
2019-03-06 17:00:11 UTC,616,11,70,999,0,,,,
2019-03-06 18:00:12 UTC,617,10,77,999,0,,,,
2019-03-06 19:00:12 UTC,618,10,78,998,0,,,,
2019-03-06 20:00:11 UTC,619,9,79,997,0,,,,
2019-03-06 21:00:12 UTC,620,10,73,997,0,,,,
2019-03-06 22:00:11 UTC,621,10,73,997,0,,,,
2019-03-06 23:00:14 UTC,622,9,85,996,0,,,,
2019-03-07 00:00:18 UTC,623,8,93,995,0,,,,
2019-03-07 01:00:14 UTC,624,9,91,995,0,,,,
2019-03-07 02:00:13 UTC,625,9,93,993,0,,,,
2019-03-07 03:00:13 UTC,626,9,86,992,2,,,,
2019-03-07 04:00:15 UTC,627,11,72,992,2,,,,
2019-03-07 05:00:14 UTC,628,10,66,993,0,,,,
2019-03-07 06:00:24 UTC,629,8,83,995,0,,,,
2019-03-07 07:00:19 UTC,630,8,77,996,3,,,,
2019-03-07 08:00:12 UTC,631,7,87,997,0,,,,
2019-03-07 09:00:12 UTC,632,7,91,998,0,,,,
2019-03-07 10:00:11 UTC,633,7,88,999,0,,,,
2019-03-07 11:00:12 UTC,634,7,84,1000,0,,,,
2019-03-07 12:00:12 UTC,635,7,85,1001,0,,,,
2019-03-07 13:00:11 UTC,636,9,71,1001,3,,,,
2019-03-07 14:00:13 UTC,637,10,60,1002,0,,,,
2019-03-07 16:00:14 UTC,638,8,74,1002,0,,,,
2019-03-07 17:00:13 UTC,639,8,72,1002,3,,,,
2019-03-07 18:00:12 UTC,640,8,73,1003,0,,,,
2019-03-07 19:00:13 UTC,641,7,70,1003,0,,,,
2019-03-07 20:00:12 UTC,642,7,72,1004,0,,,,
2019-03-07 21:00:12 UTC,643,7,74,1005,0,,,,
2019-03-07 22:00:11 UTC,644,7,73,1005,0,,,,
2019-03-07 23:00:15 UTC,645,7,77,1006,0,,,,
2019-03-08 00:00:20 UTC,646,7,74,1006,0,,,,
2019-03-08 01:00:15 UTC,647,7,75,1007,0,,,,
2019-03-08 02:00:25 UTC,648,6,75,1008,0,,,,
2019-03-08 03:00:15 UTC,649,6,78,1008,0,,,,
2019-03-08 04:00:19 UTC,650,6,77,1008,0,,,,
2019-03-08 05:00:14 UTC,651,5,78,1009,0,,,,
2019-03-08 06:00:13 UTC,652,5,79,1009,0,,,,
2019-03-08 07:00:14 UTC,653,5,81,1010,3,,,,
2019-03-08 08:00:13 UTC,654,5,83,1012,0,,,,
2019-03-08 09:00:12 UTC,655,5,86,1013,0,,,,
2019-03-08 10:00:13 UTC,656,5,93,1014,0,,,,
2019-03-08 11:00:13 UTC,657,5,89,1015,0,,,,
2019-03-08 12:00:12 UTC,658,6,88,1016,3,,,,
2019-03-08 13:00:13 UTC,659,5,85,1016,3,,,,
2019-03-08 14:00:11 UTC,660,5,88,1016,0,,,,
2019-03-08 15:00:12 UTC,661,6,88,1016,3,,,,
2019-03-08 16:00:12 UTC,662,6,87,1016,3,,,,
2019-03-08 17:00:12 UTC,663,6,84,1016,0,,,,
2019-03-08 18:00:12 UTC,664,6,83,1016,0,,,,
2019-03-08 19:00:12 UTC,665,6,84,1017,0,,,,
2019-03-08 20:00:12 UTC,666,6,78,1016,0,,,,
2019-03-08 21:00:11 UTC,667,7,73,1016,0,,,,
2019-03-08 22:00:11 UTC,668,7,69,1016,0,,,,
2019-03-08 23:00:16 UTC,669,7,69,1016,0,,,,
2019-03-09 00:00:14 UTC,670,7,69,1015,0,,,,
2019-03-09 01:00:21 UTC,671,7,67,1015,0,,,,
2019-03-09 02:00:17 UTC,672,7,69,1014,0,,,,
2019-03-09 03:00:14 UTC,673,7,75,1013,0,,,,
2019-03-09 04:00:21 UTC,674,6,88,1013,0,,,,
2019-03-09 05:00:22 UTC,675,6,92,1013,3,,,,
2019-03-09 06:00:16 UTC,676,6,95,1014,0,,,,
2019-03-09 07:00:14 UTC,677,6,94,1014,0,,,,
2019-03-09 08:00:19 UTC,678,7,90,1015,3,,,,
2019-03-09 09:00:16 UTC,679,8,87,1015,0,,,,
2019-03-09 10:00:12 UTC,680,8,85,1016,0,,,,
2019-03-09 11:00:13 UTC,681,9,82,1016,0,,,,
2019-03-09 12:00:13 UTC,682,9,83,1016,0,,,,
2019-03-09 13:00:12 UTC,683,9,81,1015,0,,,,
2019-03-09 14:00:13 UTC,684,9,89,1014,0,,,,
2019-03-09 15:00:12 UTC,685,10,74,1014,3,,,,
2019-03-09 16:00:12 UTC,686,11,65,1015,0,,,,
2019-03-09 17:00:11 UTC,687,11,63,1015,0,,,,
2019-03-09 18:00:11 UTC,688,10,64,1016,0,,,,
2019-03-09 19:00:11 UTC,689,10,67,1017,0,,,,
2019-03-09 20:00:11 UTC,690,10,67,1017,0,,,,
2019-03-09 21:00:11 UTC,691,10,65,1018,0,,,,
2019-03-09 22:00:11 UTC,692,9,71,1018,0,,,,
2019-03-09 23:00:14 UTC,693,9,76,1018,0,,,,
2019-03-10 00:00:19 UTC,694,9,74,1017,0,,,,
2019-03-10 01:00:21 UTC,695,9,72,1017,0,,,,
2019-03-10 02:00:14 UTC,696,9,74,1014,1,,,,
2019-03-10 03:00:14 UTC,697,8,81,1013,1,,,,
2019-03-10 04:00:13 UTC,698,7,89,1010,1,,,,
2019-03-10 05:00:14 UTC,699,7,95,1008,0,,,,
2019-03-10 06:00:18 UTC,700,8,94,1007,0,,,,
2019-03-10 07:00:13 UTC,701,8,97,1006,3,,,,
2019-03-10 08:00:12 UTC,702,9,94,1006,0,,,,
2019-03-10 09:00:12 UTC,703,11,92,1006,0,,,,
2019-03-10 11:00:11 UTC,704,10,81,1005,0,,,,
2019-03-10 12:00:12 UTC,705,13,66,1006,3,,,,
2019-03-10 13:00:12 UTC,706,13,59,1006,0,,,,
2019-03-10 14:00:12 UTC,707,13,49,1008,0,,,,
2019-03-10 15:00:11 UTC,708,12,43,1010,3,,,,
2019-03-10 16:00:13 UTC,709,10,44,1011,0,,,,
2019-03-10 17:00:13 UTC,710,9,52,1012,2,,,,
2019-03-10 18:00:12 UTC,711,8,63,1014,0,,,,
2019-03-10 19:00:12 UTC,712,7,55,1015,3,,,,
2019-03-10 20:00:12 UTC,713,6,64,1016,0,,,,
2019-03-10 21:00:12 UTC,714,6,55,1017,1,,,,
2019-03-10 22:00:12 UTC,715,6,57,1018,0,,,,
2019-03-10 23:00:16 UTC,716,5,59,1018,0,,,,
2019-03-11 00:00:13 UTC,717,4,63,1018,0,,,,
2019-03-11 01:00:13 UTC,718,4,66,1017,0,,,,
2019-03-11 02:00:12 UTC,719,4,66,1017,0,,,,
2019-03-11 03:00:13 UTC,720,5,67,1016,0,,,,
2019-03-11 04:00:13 UTC,721,4,72,1016,0,,,,
2019-03-11 05:00:19 UTC,722,2,84,1016,3,,,,
2019-03-11 06:00:21 UTC,723,3,73,1017,0,,,,
2019-03-11 07:00:18 UTC,724,2,71,1017,0,,,,
2019-03-11 08:00:12 UTC,725,2,69,1018,0,,,,
2019-03-11 09:00:13 UTC,726,3,64,1018,0,,,,
2019-03-11 10:00:12 UTC,727,4,58,1019,0,,,,
2019-03-11 11:00:13 UTC,728,4,55,1019,0,,,,
2019-03-11 12:00:12 UTC,729,4,54,1020,0,,,,
2019-03-11 13:00:12 UTC,730,5,53,1021,0,,,,
2019-03-11 14:00:12 UTC,731,6,50,1022,3,,,,
2019-03-11 15:00:12 UTC,732,6,55,1022,3,,,,
2019-03-11 16:00:12 UTC,733,7,51,1022,3,,,,
2019-03-11 17:00:17 UTC,734,6,56,1023,0,,,,
2019-03-11 18:00:10 UTC,735,5,60,1024,3,,,,
2019-03-11 19:00:13 UTC,736,4,69,1025,0,,,,
2019-03-11 20:00:11 UTC,737,4,61,1025,0,,,,
2019-03-11 21:00:12 UTC,738,3,65,1026,0,,,,
2019-03-11 22:00:11 UTC,739,2,72,1026,0,,,,
2019-03-11 23:00:17 UTC,740,2,75,1026,0,,,,
2019-03-12 00:00:14 UTC,741,2,73,1026,0,,,,
2019-03-12 01:00:13 UTC,742,1,81,1026,0,,,,
2019-03-12 02:00:14 UTC,743,1,85,1026,0,,,,
2019-03-12 03:00:22 UTC,744,1,85,1026,0,,,,
2019-03-12 04:00:15 UTC,745,0,87,1025,0,,,,
2019-03-12 05:00:24 UTC,746,1,87,1025,0,,,,
2019-03-12 06:00:19 UTC,747,1,80,1024,0,,,,
2019-03-12 07:00:21 UTC,748,1,83,1023,0,,,,
2019-03-12 08:00:13 UTC,749,1,79,1022,0,,,,
2019-03-12 09:00:12 UTC,750,2,74,1021,0,,,,
2019-03-12 10:00:13 UTC,751,5,64,1020,0,,,,
2019-03-12 11:00:12 UTC,752,6,60,1019,0,,,,
2019-03-12 12:00:12 UTC,753,6,56,1017,0,,,,
2019-03-12 13:00:15 UTC,754,8,53,1016,0,,,,
2019-03-12 14:00:12 UTC,755,9,48,1014,0,,,,
2019-03-12 15:00:10 UTC,756,9,47,1012,0,,,,
2019-03-12 16:00:11 UTC,757,9,43,1010,0,,,,
2019-03-12 17:00:12 UTC,758,8,42,1008,0,,,,
2019-03-12 18:00:12 UTC,759,8,40,1007,0,,,,
2019-03-12 19:00:11 UTC,760,8,38,1006,0,,,,
2019-03-12 20:00:12 UTC,761,9,37,1004,1,,,,
2019-03-12 21:00:11 UTC,762,9,39,1004,3,,,,
2019-03-12 22:00:11 UTC,763,9,52,1005,0,,,,
2019-03-12 23:00:16 UTC,764,6,81,1007,0,,,,
2019-03-13 00:00:13 UTC,765,4,83,1008,0,,,,
2019-03-13 01:00:17 UTC,766,4,79,1009,0,,,,
2019-03-13 02:00:12 UTC,767,4,82,1010,0,,,,
2019-03-13 03:00:14 UTC,768,3,84,1010,0,,,,
2019-03-13 04:00:14 UTC,769,4,83,1010,0,,,,
2019-03-13 05:00:14 UTC,770,4,80,1010,0,,,,
2019-03-13 06:00:12 UTC,771,4,76,1010,0,,,,
2019-03-13 07:00:15 UTC,772,4,79,1010,3,,,,
2019-03-13 08:00:12 UTC,773,4,79,1010,0,,,,
2019-03-13 09:00:12 UTC,774,4,75,1010,0,,,,
2019-03-13 10:00:12 UTC,775,4,78,1010,0,,,,
2019-03-13 11:00:13 UTC,776,5,74,1009,1,,,,
2019-03-13 12:00:13 UTC,777,4,78,1009,0,,,,
2019-03-13 13:00:12 UTC,778,4,79,1009,3,,,,
2019-03-13 14:00:12 UTC,779,5,80,1009,3,,,,
2019-03-13 15:00:12 UTC,780,5,85,1008,0,,,,
2019-03-13 16:00:11 UTC,781,5,88,1008,0,,,,
2019-03-13 17:00:11 UTC,782,6,83,1008,3,,,,
2019-03-13 18:00:12 UTC,783,5,82,1008,0,,,,
2019-03-13 19:00:12 UTC,784,5,85,1009,3,,,,
2019-03-13 20:00:11 UTC,785,4,87,1010,0,,,,
2019-03-13 21:00:11 UTC,786,4,88,1011,0,,,,
2019-03-13 22:00:11 UTC,787,4,87,1011,3,,,,
2019-03-13 23:00:15 UTC,788,5,86,1012,0,,,,
2019-03-14 00:00:13 UTC,789,4,87,1013,0,,,,
2019-03-14 01:00:16 UTC,790,5,87,1013,0,,,,
2019-03-14 02:00:13 UTC,791,4,86,1013,1,,,,
2019-03-14 03:00:14 UTC,792,5,85,1013,0,,,,
2019-03-14 04:00:17 UTC,793,5,85,1013,0,,,,
2019-03-14 05:00:15 UTC,794,5,83,1012,1,,,,
2019-03-14 06:00:18 UTC,795,5,82,1011,3,,,,
2019-03-14 07:00:19 UTC,796,4,88,1010,3,,,,
2019-03-14 08:00:14 UTC,797,4,89,1009,0,,,,
2019-03-14 09:00:15 UTC,798,4,89,1008,0,,,,
2019-03-14 10:00:15 UTC,799,4,91,1007,0,,,,
2019-03-14 11:00:14 UTC,800,5,91,1006,0,,,,
2019-03-14 12:00:24 UTC,801,5,91,1004,0,,,,
2019-03-14 13:00:16 UTC,802,5,90,1003,0,,,,
2019-03-14 14:00:11 UTC,803,5,88,1002,0,,,,
2019-03-14 15:00:12 UTC,804,6,93,1001,0,,,,
2019-03-14 16:00:12 UTC,805,7,92,1001,3,,,,
2019-03-14 17:00:12 UTC,806,6,87,1002,0,,,,
2019-03-14 18:00:10 UTC,807,7,85,1003,0,,,,
2019-03-14 19:00:11 UTC,808,7,81,1004,0,,,,
2019-03-14 20:00:11 UTC,809,7,78,1005,0,,,,
2019-03-14 21:00:11 UTC,810,7,78,1007,0,,,,
2019-03-14 22:00:11 UTC,811,6,83,1008,0,,,,
2019-03-14 23:00:12 UTC,812,6,79,1009,0,,,,
2019-03-15 00:00:23 UTC,813,5,80,1009,0,,,,
2019-03-15 01:00:14 UTC,814,5,80,1010,0,,,,
2019-03-15 02:00:19 UTC,815,5,85,1010,0,,,,
2019-03-15 03:00:11 UTC,816,5,83,1010,0,,,,
2019-03-15 04:00:14 UTC,817,5,81,1009,0,,,,
2019-03-15 05:00:12 UTC,818,4,81,1009,0,,,,
2019-03-15 06:00:12 UTC,819,6,76,1008,0,,,,
2019-03-15 07:00:16 UTC,820,7,81,1008,1,,,,
2019-03-15 08:00:20 UTC,821,6,94,1007,0,,,,
2019-03-15 09:00:19 UTC,822,8,90,1008,1,,,,
2019-03-15 10:00:11 UTC,823,9,87,1008,1,,,,
2019-03-15 11:00:12 UTC,824,10,90,1008,0,,,,
2019-03-15 12:00:12 UTC,825,11,87,1009,0,,,,
2019-03-15 13:00:12 UTC,826,11,81,1009,0,,,,
2019-03-15 14:00:11 UTC,827,11,81,1009,0,,,,
2019-03-15 15:00:11 UTC,828,11,83,1010,0,,,,
2019-03-15 16:00:13 UTC,829,10,96,1010,0,,,,
2019-03-15 17:00:11 UTC,830,10,90,1010,0,,,,
2019-03-15 18:00:11 UTC,831,10,90,1010,0,,,,
2019-03-15 19:00:11 UTC,832,10,89,1010,3,,,,
2019-03-15 20:00:10 UTC,833,10,92,1011,0,,,,
2019-03-15 21:00:11 UTC,834,10,95,1011,0,,,,
2019-03-15 22:00:10 UTC,835,10,92,1012,0,,,,
2019-03-15 23:00:15 UTC,836,10,90,1013,0,,,,
2019-03-16 18:00:07 UTC,837,9,69,1009,0,,,,
2019-03-16 19:00:06 UTC,838,9,70,1008,0,,,,
2019-03-16 20:00:06 UTC,839,8,72,1008,0,,,,
2019-03-16 21:00:06 UTC,840,7,78,1007,0,,,,
2019-03-16 22:00:06 UTC,841,8,78,1007,0,,,,
2019-03-16 23:00:10 UTC,842,8,74,1006,0,,,,
2019-03-17 00:00:07 UTC,843,8,75,1006,0,,,,
2019-03-17 01:00:07 UTC,844,8,75,1005,0,,,,
2019-03-17 02:00:06 UTC,845,9,74,1004,0,,,,
2019-03-17 03:00:06 UTC,846,9,72,1003,0,,,,
2019-03-17 04:00:07 UTC,847,9,73,1003,0,,,,
2019-03-17 05:00:06 UTC,848,8,73,1003,0,,,,
2019-03-17 06:00:07 UTC,849,7,69,1002,0,,,,
2019-03-17 07:00:06 UTC,850,8,74,1003,0,,,,
2019-03-17 08:00:06 UTC,851,7,81,1003,0,,,,
2019-03-17 09:00:06 UTC,852,7,87,1003,0,,,,
2019-03-17 10:00:06 UTC,853,7,93,1005,0,,,,
2019-03-17 11:00:07 UTC,854,5,85,1005,0,,,,
2019-03-17 12:00:06 UTC,855,5,88,1006,0,,,,
2019-03-17 13:00:06 UTC,856,5,85,1006,0,,,,
2019-03-17 14:00:06 UTC,857,7,77,1006,0,,,,
2019-03-17 15:00:06 UTC,858,8,64,1007,0,,,,
2019-03-17 16:00:07 UTC,859,5,79,1008,3,,,,
2019-03-17 17:00:06 UTC,860,4,93,1008,3,,,,
2019-03-17 18:00:06 UTC,861,5,77,1010,0,,,,
2019-03-17 19:00:06 UTC,862,5,75,1010,0,,,,
2019-03-17 20:00:06 UTC,863,4,78,1012,0,,,,
2019-03-17 21:00:06 UTC,864,4,74,1012,0,,,,
2019-03-17 22:00:06 UTC,865,3,84,1013,0,,,,
2019-03-17 23:00:11 UTC,866,3,80,1013,0,,,,
2019-03-18 00:00:06 UTC,867,2,80,1014,0,,,,
2019-03-18 01:00:06 UTC,868,2,82,1014,0,,,,
2019-03-18 02:00:06 UTC,869,2,85,1014,0,,,,
2019-03-18 03:00:07 UTC,870,2,84,1014,0,,,,
2019-03-18 04:00:06 UTC,871,2,83,1014,0,,,,
2019-03-18 05:00:06 UTC,872,2,84,1015,1,,,,
2019-03-18 06:00:06 UTC,873,2,86,1016,0,,,,
2019-03-18 07:00:06 UTC,874,2,86,1016,0,,,,
2019-03-18 08:00:06 UTC,875,2,86,1017,0,,,,
2019-03-18 09:00:06 UTC,876,3,85,1018,0,,,,
2019-03-18 10:00:06 UTC,877,4,83,1019,0,,,,
2019-03-18 11:00:07 UTC,878,5,77,1019,0,,,,
2019-03-18 12:00:06 UTC,879,6,71,1019,0,,,,
2019-03-18 13:00:06 UTC,880,7,72,1019,0,,,,
2019-03-18 14:00:06 UTC,881,8,67,1019,3,,,,
2019-03-18 15:00:06 UTC,882,7,55,1020,3,,,,
2019-03-18 16:00:06 UTC,883,8,59,1019,0,,,,
2019-03-18 17:00:07 UTC,884,8,60,1020,0,,,,
2019-03-18 18:00:06 UTC,885,7,65,1020,1,,,,
2019-03-18 19:00:06 UTC,886,6,65,1021,0,,,,
2019-03-18 20:00:06 UTC,887,6,59,1022,0,,,,
2019-03-18 21:00:06 UTC,888,4,77,1022,0,,,,
2019-03-18 22:00:06 UTC,889,3,84,1023,0,,,,
2019-03-18 23:00:11 UTC,890,3,84,1023,0,,,,
2019-03-19 00:00:06 UTC,891,3,86,1023,0,,,,
2019-03-19 01:00:06 UTC,892,3,84,1024,0,,,,
2019-03-19 02:00:06 UTC,893,2,81,1024,0,,,,
2019-03-19 03:00:06 UTC,894,1,91,1024,0,,,,
2019-03-19 04:00:07 UTC,895,0,94,1024,0,,,,
2019-03-19 05:00:06 UTC,896,0,94,1025,0,,,,
2019-03-19 06:00:06 UTC,897,0,97,1025,0,,,,
2019-03-19 07:00:06 UTC,898,-1,98,1026,0,,,,
2019-03-19 08:00:06 UTC,899,0,99,1027,0,,,,
2019-03-19 09:00:07 UTC,900,1,90,1027,0,,,,
2019-03-19 10:00:06 UTC,901,3,81,1028,0,,,,
2019-03-19 11:00:06 UTC,902,5,64,1028,0,,,,
2019-03-19 12:00:07 UTC,903,6,52,1028,0,,,,
2019-03-19 13:00:06 UTC,904,8,49,1028,0,,,,
2019-03-19 14:00:06 UTC,905,9,42,1028,0,,,,
2019-03-19 15:00:06 UTC,906,9,35,1028,0,,,,
2019-03-19 16:00:06 UTC,907,10,33,1028,0,,,,
2019-03-19 17:00:06 UTC,908,10,37,1028,0,,,,
2019-03-19 18:00:06 UTC,909,9,38,1028,0,,,,
2019-03-19 19:00:06 UTC,910,8,42,1029,0,,,,
2019-03-19 20:00:06 UTC,911,6,53,1030,0,,,,
2019-03-19 21:00:06 UTC,912,4,63,1030,0,,,,
2019-03-19 22:00:06 UTC,913,3,66,1031,0,,,,
2019-03-19 23:00:10 UTC,914,2,69,1031,0,,,,
2019-03-20 00:00:06 UTC,915,2,71,1031,0,,,,
2019-03-20 01:00:07 UTC,916,1,78,1031,0,,,,
2019-03-20 02:00:07 UTC,917,0,82,1031,0,,,,
2019-03-20 03:00:06 UTC,918,0,83,1031,0,,,,
2019-03-20 04:00:06 UTC,919,0,86,1032,0,,,,
2019-03-20 05:00:06 UTC,920,0,88,1032,0,,,,
2019-03-20 06:00:06 UTC,921,-1,90,1032,0,,,,
2019-03-20 07:00:07 UTC,922,-1,90,1033,0,,,,
2019-03-20 08:00:06 UTC,923,0,90,1033,0,,,,
2019-03-20 09:00:06 UTC,924,2,78,1034,0,,,,
2019-03-20 10:00:06 UTC,925,4,69,1034,0,,,,
2019-03-20 11:00:06 UTC,926,7,52,1034,0,,,,
2019-03-20 12:00:06 UTC,927,10,45,1034,0,,,,
2019-03-20 13:00:07 UTC,928,12,41,1034,0,,,,
2019-03-20 14:00:06 UTC,929,12,38,1033,0,,,,
2019-03-20 15:00:06 UTC,930,13,36,1033,0,,,,
2019-03-20 16:00:06 UTC,931,12,35,1033,0,,,,
2019-03-20 17:00:06 UTC,932,13,36,1033,0,,,,
2019-03-20 18:00:12 UTC,933,12,38,1033,0,,,,
2019-03-20 19:00:16 UTC,934,9,42,1033,0,,,,
2019-03-20 20:00:12 UTC,935,9,46,1033,0,,,,
2019-03-20 21:00:12 UTC,936,6,57,1034,0,,,,
2019-03-20 22:00:15 UTC,937,6,57,1034,0,,,,
2019-03-20 23:00:16 UTC,938,5,64,1034,0,,,,
2019-03-21 00:00:11 UTC,939,5,65,1034,0,,,,
2019-03-21 01:00:16 UTC,940,3,72,1034,0,,,,
2019-03-21 02:00:11 UTC,941,2,76,1033,0,,,,
2019-03-21 03:00:12 UTC,942,2,77,1033,0,,,,
2019-03-21 04:00:12 UTC,943,1,83,1033,0,,,,
2019-03-21 05:00:12 UTC,944,1,82,1033,0,,,,
2019-03-21 06:00:13 UTC,945,0,87,1033,0,,,,
2019-03-21 07:00:12 UTC,946,0,88,1034,0,,,,
2019-03-21 08:00:12 UTC,947,1,84,1034,0,,,,
2019-03-21 09:00:12 UTC,948,4,71,1034,0,,,,
2019-03-21 10:00:12 UTC,949,7,60,1034,0,,,,
2019-03-21 11:00:12 UTC,950,9,50,1034,0,,,,
2019-03-21 12:00:12 UTC,951,12,40,1033,0,,,,
2019-03-21 13:00:12 UTC,952,14,33,1033,0,,,,
2019-03-21 14:00:12 UTC,953,15,31,1032,0,,,,
2019-03-21 15:00:12 UTC,954,16,25,1031,0,,,,
2019-03-21 16:00:13 UTC,955,16,27,1031,0,,,,
2019-03-21 17:00:12 UTC,956,16,24,1031,0,,,,
2019-03-21 18:00:11 UTC,957,15,25,1031,0,,,,
2019-03-21 19:00:11 UTC,958,12,30,1031,0,,,,
2019-03-21 20:00:12 UTC,959,11,36,1031,0,,,,
2019-03-21 21:00:12 UTC,960,9,44,1031,0,,,,
2019-03-21 22:00:11 UTC,961,9,42,1031,0,,,,
2019-03-21 23:00:16 UTC,962,8,48,1031,0,,,,
2019-03-22 00:00:14 UTC,963,7,56,1031,0,,,,
2019-03-22 01:00:13 UTC,964,6,62,1031,0,,,,
2019-03-22 02:00:12 UTC,965,5,69,1030,0,,,,
2019-03-22 03:00:14 UTC,966,4,70,1030,0,,,,
2019-03-22 04:00:14 UTC,967,3,76,1030,0,,,,
2019-03-22 05:00:13 UTC,968,2,80,1030,0,,,,
2019-03-22 06:00:17 UTC,969,2,82,1029,0,,,,
2019-03-22 07:00:13 UTC,970,1,84,1030,0,,,,
2019-03-22 08:00:12 UTC,971,3,80,1030,0,,,,
2019-03-22 09:00:12 UTC,972,5,70,1030,0,,,,
2019-03-22 10:00:12 UTC,973,9,57,1030,0,,,,
2019-03-22 11:00:12 UTC,974,12,47,1030,0,,,,
2019-03-22 12:00:12 UTC,975,14,40,1029,0,,,,
2019-03-22 13:00:13 UTC,976,17,34,1029,0,,,,
2019-03-22 14:00:12 UTC,977,17,33,1028,0,,,,
2019-03-22 15:00:12 UTC,978,19,28,1028,0,,,,
2019-03-22 16:00:12 UTC,979,19,27,1027,0,,,,
2019-03-22 17:00:12 UTC,980,18,31,1027,0,,,,
2019-03-22 18:00:12 UTC,981,17,29,1027,0,,,,
2019-03-22 19:00:12 UTC,982,15,35,1027,0,,,,
2019-03-22 20:00:12 UTC,983,12,46,1027,0,,,,
2019-03-22 21:00:11 UTC,984,12,48,1027,0,,,,
2019-03-22 22:00:11 UTC,985,10,55,1028,0,,,,
2019-03-22 23:00:16 UTC,986,8,62,1027,0,,,,
2019-03-23 00:00:14 UTC,987,7,63,1027,0,,,,
2019-03-23 01:00:14 UTC,988,6,68,1027,0,,,,
2019-03-23 02:00:12 UTC,989,5,75,1027,0,,,,
2019-03-23 03:00:13 UTC,990,4,78,1027,0,,,,
2019-03-23 04:00:14 UTC,991,3,82,1027,0,,,,
2019-03-23 05:00:18 UTC,992,3,85,1027,0,,,,
2019-03-23 06:00:15 UTC,993,2,87,1027,0,,,,
2019-03-23 07:00:14 UTC,994,2,89,1027,0,,,,
2019-03-23 08:00:12 UTC,995,3,85,1028,0,,,,
2019-03-23 09:00:12 UTC,996,5,79,1028,0,,,,
2019-03-23 10:00:12 UTC,997,8,65,1028,0,,,,
2019-03-23 11:00:12 UTC,998,11,55,1028,0,,,,
2019-03-23 12:00:13 UTC,999,14,49,1028,0,,,,
2019-03-23 13:00:12 UTC,1000,14,48,1028,0,,,,
2019-03-23 14:00:12 UTC,1001,15,41,1028,0,,,,
2019-03-23 15:00:12 UTC,1002,16,40,1027,0,,,,
2019-03-23 16:00:12 UTC,1003,16,43,1027,0,,,,
2019-03-23 17:00:12 UTC,1004,12,63,1027,0,,,,
2019-03-23 18:00:11 UTC,1005,10,63,1028,0,,,,
2019-03-23 19:00:11 UTC,1006,9,66,1028,0,,,,
2019-03-23 20:00:11 UTC,1007,8,70,1028,0,,,,
2019-03-23 21:00:12 UTC,1008,7,74,1028,0,,,,
2019-03-23 22:00:12 UTC,1009,6,76,1028,0,,,,
2019-03-23 23:00:15 UTC,1010,5,81,1028,0,,,,
2019-03-24 00:00:14 UTC,1011,5,82,1027,0,,,,
2019-03-24 01:00:12 UTC,1012,5,83,1027,0,,,,
2019-03-24 02:00:14 UTC,1013,4,86,1026,0,,,,
2019-03-24 03:00:12 UTC,1014,3,89,1026,0,,,,
2019-03-24 04:00:12 UTC,1015,3,91,1025,0,,,,
2019-03-24 05:00:12 UTC,1016,2,92,1025,0,,,,
2019-03-24 06:00:17 UTC,1017,2,93,1025,0,,,,
2019-03-24 07:00:12 UTC,1018,3,94,1026,0,,,,
2019-03-24 08:00:12 UTC,1019,4,90,1026,0,,,,
2019-03-24 09:00:12 UTC,1020,6,86,1026,0,,,,
2019-03-24 10:00:12 UTC,1021,7,82,1025,0,,,,
2019-03-24 11:00:12 UTC,1022,8,76,1025,0,,,,
2019-03-24 12:00:11 UTC,1023,10,66,1025,0,,,,
2019-03-24 13:00:12 UTC,1024,12,58,1025,0,,,,
2019-03-24 14:00:12 UTC,1025,12,56,1024,0,,,,
2019-03-24 15:00:12 UTC,1026,11,55,1024,0,,,,
2019-03-24 16:00:12 UTC,1027,11,57,1024,0,,,,
2019-03-24 17:00:11 UTC,1028,10,59,1024,0,,,,
2019-03-24 18:00:11 UTC,1029,10,57,1024,0,,,,
2019-03-24 19:00:11 UTC,1030,9,58,1024,0,,,,
2019-03-24 20:00:12 UTC,1031,8,63,1025,0,,,,
2019-03-24 21:00:12 UTC,1032,7,68,1025,0,,,,
2019-03-24 22:00:12 UTC,1033,6,64,1025,0,,,,
2019-03-24 23:00:16 UTC,1034,6,59,1024,0,,,,
2019-03-25 00:00:14 UTC,1035,5,61,1024,0,,,,
2019-03-25 01:00:13 UTC,1036,4,62,1024,0,,,,
2019-03-25 02:00:11 UTC,1037,3,72,1023,0,,,,
2019-03-25 03:00:12 UTC,1038,2,74,1023,0,,,,
2019-03-25 04:00:13 UTC,1039,0,82,1023,0,,,,
2019-03-25 05:00:12 UTC,1040,0,88,1022,0,,,,
2019-03-25 06:00:13 UTC,1041,0,82,1022,0,,,,
2019-03-25 07:00:12 UTC,1042,1,82,1022,1,,,,
2019-03-25 08:00:14 UTC,1043,2,74,1023,0,,,,
2019-03-25 09:00:12 UTC,1044,4,71,1023,0,,,,
2019-03-25 10:00:12 UTC,1045,6,60,1024,0,,,,
2019-03-25 11:00:12 UTC,1046,7,49,1023,0,,,,
2019-03-25 12:00:12 UTC,1047,8,53,1024,0,,,,
2019-03-25 13:00:13 UTC,1048,8,52,1024,3,,,,
2019-03-25 14:00:12 UTC,1049,9,43,1024,0,,,,
2019-03-25 15:00:12 UTC,1050,9,52,1024,0,,,,
2019-03-25 16:00:12 UTC,1051,7,55,1024,0,,,,
2019-03-25 17:00:12 UTC,1052,7,61,1024,3,,,,
2019-03-25 18:00:11 UTC,1053,7,61,1024,0,,,,
2019-03-25 19:00:12 UTC,1054,6,64,1025,0,,,,
2019-03-25 20:00:13 UTC,1055,6,66,1026,0,,,,
2019-03-25 21:00:12 UTC,1056,6,68,1026,0,,,,
2019-03-25 22:00:12 UTC,1057,5,69,1027,0,,,,
2019-03-25 23:00:15 UTC,1058,5,67,1028,0,,,,
2019-03-26 00:00:13 UTC,1059,4,69,1028,0,,,,
2019-03-26 01:00:13 UTC,1060,5,69,1028,0,,,,
2019-03-26 02:00:12 UTC,1061,5,72,1029,0,,,,
2019-03-26 03:00:15 UTC,1062,4,71,1029,0,,,,
2019-03-26 04:00:13 UTC,1063,4,72,1029,0,,,,
2019-03-26 05:00:12 UTC,1064,4,68,1030,0,,,,
2019-03-26 06:00:13 UTC,1065,4,65,1030,0,,,,
2019-03-26 07:00:14 UTC,1066,4,65,1030,0,,,,
2019-03-26 08:00:12 UTC,1067,4,61,1030,0,,,,
2019-03-26 09:00:12 UTC,1068,5,60,1031,0,,,,
2019-03-26 10:00:12 UTC,1069,5,57,1031,0,,,,
2019-03-26 11:00:12 UTC,1070,6,55,1031,0,,,,
2019-03-26 12:00:12 UTC,1071,7,53,1031,0,,,,
2019-03-26 13:00:11 UTC,1072,8,53,1030,0,,,,
2019-03-26 14:00:12 UTC,1073,9,44,1030,0,,,,
2019-03-26 15:00:12 UTC,1074,10,42,1030,0,,,,
2019-03-26 16:00:12 UTC,1075,9,41,1030,0,,,,
2019-03-26 17:00:12 UTC,1076,8,43,1030,0,,,,
2019-03-26 18:00:11 UTC,1077,8,49,1030,0,,,,
2019-03-26 19:00:12 UTC,1078,7,52,1030,0,,,,
2019-03-26 20:00:11 UTC,1079,7,55,1031,0,,,,
2019-03-26 21:00:12 UTC,1080,6,61,1031,0,,,,
2019-03-26 22:00:12 UTC,1081,6,66,1031,0,,,,
2019-03-26 23:00:16 UTC,1082,6,68,1031,0,,,,
2019-03-27 00:00:15 UTC,1083,6,69,1031,0,,,,
2019-03-27 01:00:13 UTC,1084,5,71,1031,0,,,,
2019-03-27 02:00:13 UTC,1085,5,72,1031,0,,,,
2019-03-27 03:00:13 UTC,1086,4,77,1031,0,,,,
2019-03-27 04:00:14 UTC,1087,3,81,1030,0,,,,
2019-03-27 05:00:14 UTC,1088,2,84,1031,0,,,,
2019-03-27 06:00:14 UTC,1089,2,84,1031,0,,,,
2019-03-27 07:00:14 UTC,1090,1,89,1031,0,,,,
2019-03-27 08:00:12 UTC,1091,2,85,1032,0,,,,
2019-03-27 09:00:12 UTC,1092,5,77,1032,0,,,,
2019-03-27 10:00:13 UTC,1093,7,66,1032,0,,,,
2019-03-27 11:00:12 UTC,1094,8,57,1032,0,,,,
2019-03-27 12:00:12 UTC,1095,9,55,1032,0,,,,
2019-03-27 13:00:12 UTC,1096,9,47,1032,0,,,,
2019-03-27 14:00:12 UTC,1097,10,46,1032,0,,,,
2019-03-27 15:00:12 UTC,1098,11,42,1032,0,,,,
2019-03-27 16:00:13 UTC,1099,11,41,1032,0,,,,
2019-03-27 17:00:12 UTC,1100,11,42,1032,0,,,,
2019-03-27 18:00:12 UTC,1101,10,43,1032,0,,,,
2019-03-27 19:00:12 UTC,1102,8,50,1032,0,,,,
2019-03-27 20:00:11 UTC,1103,8,53,1032,0,,,,
2019-03-27 21:00:11 UTC,1104,7,56,1033,0,,,,
2019-03-27 22:00:12 UTC,1105,6,61,1033,0,,,,
2019-03-27 23:00:16 UTC,1106,5,67,1033,0,,,,
2019-03-28 00:00:13 UTC,1107,4,72,1033,0,,,,
2019-03-28 01:00:13 UTC,1108,3,75,1033,0,,,,
2019-03-28 02:00:13 UTC,1109,3,77,1033,0,,,,
2019-03-28 03:00:17 UTC,1110,3,77,1033,0,,,,
2019-03-28 04:00:13 UTC,1111,3,82,1033,0,,,,
2019-03-28 05:00:17 UTC,1112,3,83,1033,0,,,,
2019-03-28 06:00:14 UTC,1113,2,87,1033,0,,,,
2019-03-28 07:00:14 UTC,1114,1,89,1034,0,,,,
2019-03-28 08:00:12 UTC,1115,2,84,1034,0,,,,
2019-03-28 09:00:12 UTC,1116,5,74,1034,0,,,,
2019-03-28 10:00:12 UTC,1117,7,63,1034,0,,,,
2019-03-28 11:00:12 UTC,1118,10,59,1034,0,,,,
2019-03-28 12:00:12 UTC,1119,12,51,1034,0,,,,
2019-03-28 13:00:12 UTC,1120,13,47,1033,0,,,,
2019-03-28 14:00:12 UTC,1121,14,42,1033,0,,,,
2019-03-28 15:00:12 UTC,1122,14,40,1032,0,,,,
2019-03-28 16:00:12 UTC,1123,15,42,1032,0,,,,
2019-03-28 17:00:12 UTC,1124,13,48,1032,0,,,,
2019-03-28 18:00:12 UTC,1125,12,52,1032,0,,,,
2019-03-28 19:00:12 UTC,1126,11,59,1032,0,,,,
2019-03-28 20:00:12 UTC,1127,10,62,1032,0,,,,
2019-03-28 21:00:11 UTC,1128,9,66,1032,0,,,,
2019-03-28 22:00:12 UTC,1129,8,70,1032,0,,,,
2019-03-28 23:00:16 UTC,1130,8,71,1032,0,,,,
2019-03-29 00:02:22 UTC,1131,6,78,1032,0,,,,
2019-03-29 01:00:18 UTC,1132,6,77,1032,0,,,,
2019-03-29 02:00:13 UTC,1133,5,81,1032,0,,,,
2019-03-29 03:00:12 UTC,1134,6,80,1031,0,,,,
2019-03-29 04:00:18 UTC,1135,5,83,1031,0,,,,
2019-03-29 05:00:15 UTC,1136,4,86,1031,0,,,,
2019-03-29 06:00:15 UTC,1137,3,90,1031,0,,,,
2019-03-29 07:00:13 UTC,1138,3,90,1031,0,,,,
2019-03-29 08:00:12 UTC,1139,5,85,1031,0,,,,
2019-03-29 09:00:12 UTC,1140,8,74,1030,0,,,,
2019-03-29 10:00:13 UTC,1141,10,66,1030,0,,,,
2019-03-29 11:00:12 UTC,1142,13,57,1030,0,,,,
2019-03-29 12:00:12 UTC,1143,15,48,1029,0,,,,
2019-03-29 13:00:12 UTC,1144,16,45,1028,0,,,,
2019-03-29 14:00:13 UTC,1145,16,42,1028,0,,,,
2019-03-29 15:00:12 UTC,1146,16,42,1027,0,,,,
2019-03-29 16:00:12 UTC,1147,16,42,1026,0,,,,
2019-03-29 17:00:12 UTC,1148,17,41,1026,0,,,,
2019-03-29 18:00:12 UTC,1149,16,41,1026,0,,,,
2019-03-29 19:00:11 UTC,1150,14,48,1026,0,,,,
2019-03-29 20:00:12 UTC,1151,12,53,1026,0,,,,
2019-03-29 21:00:12 UTC,1152,11,58,1025,0,,,,
2019-03-29 22:00:12 UTC,1153,10,61,1025,0,,,,
2019-03-29 23:00:17 UTC,1154,9,66,1025,0,,,,
2019-03-30 00:00:13 UTC,1155,8,69,1025,0,,,,
2019-03-30 01:00:17 UTC,1156,8,70,1025,0,,,,
2019-03-30 02:00:13 UTC,1157,7,75,1024,0,,,,
2019-03-30 03:00:13 UTC,1158,5,81,1024,0,,,,
2019-03-30 04:00:13 UTC,1159,4,88,1024,0,,,,
2019-03-30 05:00:13 UTC,1160,4,88,1023,0,,,,
2019-03-30 06:00:15 UTC,1161,3,92,1023,0,,,,
2019-03-30 07:00:13 UTC,1162,3,89,1024,0,,,,
2019-03-30 08:00:12 UTC,1163,5,85,1024,0,,,,
2019-03-30 09:00:12 UTC,1164,7,75,1024,0,,,,
2019-03-30 10:00:12 UTC,1165,10,64,1024,0,,,,
2019-03-30 11:00:12 UTC,1166,14,52,1023,0,,,,
2019-03-30 12:00:12 UTC,1167,16,46,1023,0,,,,
2019-03-30 13:00:12 UTC,1168,18,37,1022,0,,,,
2019-03-30 14:00:12 UTC,1169,17,40,1022,0,,,,
2019-03-30 15:00:12 UTC,1170,17,39,1021,0,,,,
2019-03-30 16:00:12 UTC,1171,17,46,1021,0,,,,
2019-03-30 17:00:17 UTC,1172,17,52,1020,0,,,,
2019-03-30 18:00:12 UTC,1173,15,62,1020,0,,,,
2019-03-30 19:00:12 UTC,1174,14,70,1021,0,,,,
2019-03-30 20:00:12 UTC,1175,13,71,1021,0,,,,
2019-03-30 21:00:12 UTC,1176,11,70,1021,0,,,,
2019-03-30 22:00:12 UTC,1177,10,68,1021,0,,,,
2019-03-30 23:00:16 UTC,1178,9,70,1021,0,,,,
2019-03-31 00:00:13 UTC,1179,8,73,1021,0,,,,
2019-03-31 01:00:14 UTC,1180,8,75,1020,0,,,,
2019-03-31 02:00:14 UTC,1181,7,81,1020,0,,,,
2019-03-31 03:00:12 UTC,1182,6,80,1020,0,,,,
2019-03-31 04:00:18 UTC,1183,6,80,1020,0,,,,
2019-03-31 05:00:14 UTC,1184,6,81,1020,0,,,,
2019-03-31 06:00:17 UTC,1185,5,83,1020,0,,,,
2019-03-31 07:00:12 UTC,1186,6,89,1020,0,,,,
2019-03-31 08:00:12 UTC,1187,9,86,1020,0,,,,
2019-03-31 09:00:12 UTC,1188,11,72,1021,0,,,,
2019-03-31 10:00:12 UTC,1189,14,59,1021,0,,,,
2019-03-31 11:00:12 UTC,1190,15,47,1021,0,,,,
2019-03-31 12:00:12 UTC,1191,17,41,1020,0,,,,
2019-03-31 13:00:11 UTC,1192,19,38,1020,0,,,,
2019-03-31 14:00:12 UTC,1193,18,31,1019,0,,,,
2019-03-31 15:00:12 UTC,1194,18,24,1019,0,,,,
2019-03-31 16:00:12 UTC,1195,18,38,1019,0,,,,
2019-03-31 17:00:11 UTC,1196,17,40,1019,0,,,,
2019-03-31 18:00:12 UTC,1197,16,42,1019,0,,,,
2019-03-31 19:00:11 UTC,1198,12,59,1019,0,,,,
2019-03-31 20:00:12 UTC,1199,11,70,1020,0,,,,
2019-03-31 21:00:11 UTC,1200,11,66,1020,0,,,,
2019-03-31 22:00:16 UTC,1201,10,70,1021,0,,,,
2019-03-31 23:00:13 UTC,1202,9,71,1020,0,,,,
2019-04-01 00:00:14 UTC,1203,8,73,1020,0,,,,
2019-04-01 01:00:18 UTC,1204,7,79,1020,0,,,,
2019-04-01 02:00:12 UTC,1205,6,82,1020,0,,,,
2019-04-01 03:00:13 UTC,1206,6,85,1020,0,,,,
2019-04-01 04:00:13 UTC,1207,5,89,1019,0,,,,
2019-04-01 05:00:15 UTC,1208,4,92,1019,0,,,,
2019-04-01 06:00:12 UTC,1209,4,82,1019,0,,,,
2019-04-01 07:00:12 UTC,1210,4,82,1020,0,,,,
2019-04-01 08:00:12 UTC,1211,5,77,1019,0,,,,
2019-04-01 09:00:12 UTC,1212,7,68,1020,0,,,,
2019-04-01 10:00:12 UTC,1213,9,63,1020,0,,,,
2019-04-01 11:00:12 UTC,1214,11,57,1019,0,,,,
2019-04-01 12:00:12 UTC,1215,13,52,1019,0,,,,
2019-04-01 13:00:12 UTC,1216,15,47,1018,0,,,,
2019-04-01 14:00:12 UTC,1217,17,42,1017,0,,,,
2019-04-01 15:00:13 UTC,1218,17,43,1016,0,,,,
2019-04-01 16:00:13 UTC,1219,18,32,1016,0,,,,
2019-04-01 17:00:12 UTC,1220,17,34,1015,0,,,,
2019-04-01 18:00:12 UTC,1221,16,39,1015,0,,,,
2019-04-12 20:55:54 UTC,1222,3,52,1022,0,,,,
2019-04-12 21:00:13 UTC,1223,3,52,1022,0,,,,
